0,"[77, 129, 46, 31, 37, 45, 146, 124, 52, 24, 104, 145, 97, 114, 151, 41, 110, 87, 152, 122, 134, 54, 118, 13, 149, 50, 100, 0, 148, 48, 84, 88, 143, 1, 130, 135, 39, 141, 136, 51, 74, 105, 101, 61, 102, 155, 80, 81, 73, 20, 144, 109, 142, 36, 9, 14, 76, 7, 119, 57, 56, 43, 147, 98, 47, 107, 90, 103, 133, 94, 33, 35, 26, 131, 115, 69, 78, 71, 27, 62]","[44, 70, 114, 49, 37, 79, 31, 50, 133, 139, 61, 136, 103, 131, 143, 19, 105, 43, 86, 140, 68, 125, 72, 123, 58, 29, 34, 119, 95, 127, 64, 8, 158, 135, 69, 9, 137, 129, 117, 53, 157, 96, 71, 110, 111, 28, 4, 81, 20, 3, 60, 32, 10, 151, 108, 94, 122, 56, 11, 87, 90, 141, 84, 98, 62, 36, 83, 120, 55, 113, 149, 148, 146, 21, 97, 153, 38, 16, 132, 106]","[9, 20, 31, 36, 37, 43, 50, 56, 61, 62, 69, 71, 81, 84, 87, 90, 94, 97, 98, 103, 105, 110, 114, 119, 122, 129, 131, 133, 135, 136, 141, 143, 146, 148, 149, 151]"
1,"[159, 98, 114, 107, 59, 60, 132, 5, 105, 20, 54, 16, 49, 145, 148, 136, 89, 144, 56, 90, 44, 25, 121, 55, 143, 108, 24, 79, 8, 82, 94, 57, 88, 9, 158, 64, 53, 101, 157, 39, 86, 0, 71, 95, 75, 58, 4, 35, 31, 83, 45, 63, 72, 69, 96, 120, 22, 115, 91, 124, 19, 81, 129, 61, 48, 123, 133, 28, 84, 62, 103, 65, 139, 41, 109, 152, 128, 23, 155, 70]","[57, 23, 122, 9, 125, 115, 76, 158, 84, 120, 135, 136, 27, 41, 50, 100, 18, 88, 38, 75, 52, 154, 111, 5, 142, 104, 101, 70, 46, 77, 131, 99, 116, 151, 0, 126, 149, 105, 30, 11, 143, 152, 91, 96, 42, 137, 107, 90, 128, 45, 95, 159, 55, 98, 56, 87, 114, 89, 102, 103, 108, 140, 72, 129, 34, 94, 121, 19, 93, 49, 119, 8, 47, 78, 69, 14, 68, 26, 123, 62]","[0, 5, 8, 9, 19, 23, 41, 45, 49, 55, 56, 57, 62, 69, 70, 72, 75, 84, 88, 89, 90, 91, 94, 95, 96, 98, 101, 103, 105, 107, 108, 114, 115, 120, 121, 123, 128, 129, 136, 143, 152, 158, 159]"
2,"[82, 155, 75, 21, 69, 6, 43, 38, 94, 148, 104, 141, 86, 107, 23, 27, 102, 20, 140, 91, 10, 154, 144, 97, 149, 53, 88, 12, 118, 26, 70, 129, 58, 55, 111, 14, 17, 89, 76, 72, 7, 16, 74, 64, 106, 158, 132, 44, 77, 11, 147, 92, 150, 5, 28, 156, 110, 46, 139, 50, 45, 61, 52, 63, 142, 100, 152, 51, 15, 1, 71, 99, 138, 40, 65, 73, 81, 59, 98, 113]","[47, 128, 133, 0, 31, 108, 60, 97, 10, 17, 51, 109, 144, 12, 25, 150, 103, 114, 18, 142, 88, 77, 27, 22, 145, 153, 68, 116, 35, 72, 117, 46, 44, 118, 86, 134, 15, 124, 21, 130, 96, 106, 1, 63, 131, 56, 81, 115, 34, 155, 92, 158, 110, 99, 39, 80, 24, 8, 93, 135, 129, 58, 49, 7, 107, 120, 64, 4, 23, 90, 57, 137, 83, 30, 78, 159, 95, 112, 105, 70]","[1, 7, 10, 12, 15, 17, 21, 23, 27, 44, 46, 51, 58, 63, 64, 70, 72, 77, 81, 86, 88, 92, 97, 99, 106, 107, 110, 118, 129, 142, 144, 150, 155, 158]"
3,"[66, 155, 50, 128, 112, 159, 64, 34, 69, 22, 98, 68, 23, 86, 117, 12, 150, 82, 45, 42, 111, 9, 124, 141, 116, 26, 43, 55, 65, 0, 88, 63, 3, 13, 119, 51, 158, 40, 153, 126, 15, 84, 79, 93, 139, 147, 105, 125, 56, 14, 137, 97, 17, 149, 30, 102, 37, 76, 136, 60, 48, 61, 78, 87, 108, 99, 16, 89, 24, 94, 71, 27, 135, 77, 100, 138, 28, 122, 91, 19]","[59, 85, 22, 67, 1, 6, 138, 16, 46, 62, 92, 42, 135, 51, 23, 129, 136, 141, 64, 0, 153, 115, 34, 88, 35, 134, 47, 99, 102, 103, 118, 93, 28, 74, 123, 142, 139, 60, 101, 109, 89, 8, 158, 71, 36, 40, 104, 110, 157, 150, 73, 78, 15, 11, 127, 65, 38, 155, 117, 151, 45, 43, 154, 105, 95, 83, 72, 25, 9, 120, 113, 126, 14, 96, 152, 33, 57, 29, 10, 159]","[0, 9, 14, 15, 16, 22, 23, 28, 34, 40, 42, 43, 45, 51, 60, 64, 65, 71, 78, 88, 89, 93, 99, 102, 105, 117, 126, 135, 136, 138, 139, 141, 150, 153, 155, 158, 159]"
4,"[75, 109, 16, 4, 59, 17, 110, 147, 122, 108, 117, 127, 120, 124, 25, 146, 26, 143, 92, 50, 139, 38, 107, 46, 7, 128, 84, 35, 153, 106, 114, 55, 34, 116, 89, 125, 6, 76, 97, 9, 137, 90, 30, 123, 79, 56, 141, 100, 154, 129, 2, 80, 158, 64, 48, 36, 63, 101, 82, 44, 5, 87, 42, 71, 77, 91, 24, 13, 20, 54, 74, 53, 69, 149, 152, 104, 105, 121, 83, 131]","[118, 111, 153, 92, 0, 105, 94, 49, 128, 38, 59, 79, 76, 156, 80, 45, 65, 146, 18, 115, 36, 112, 108, 144, 2, 5, 50, 77, 25, 135, 47, 48, 27, 86, 34, 122, 71, 43, 97, 29, 84, 46, 147, 104, 152, 107, 63, 37, 109, 56, 131, 8, 136, 159, 32, 139, 15, 116, 89, 68, 143, 85, 98, 148, 39, 30, 72, 3, 81, 103, 13, 149, 74, 88, 26, 44, 11, 127, 28, 82]","[2, 5, 13, 25, 26, 30, 34, 36, 38, 44, 46, 48, 50, 56, 59, 63, 71, 74, 76, 77, 79, 80, 82, 84, 89, 92, 97, 104, 105, 107, 108, 109, 116, 122, 127, 128, 131, 139, 143, 146, 147, 149, 152, 153]"
5,"[84, 85, 19, 57, 87, 68, 120, 31, 33, 122, 92, 69, 121, 75, 108, 63, 88, 62, 23, 40, 12, 79, 42, 35, 34, 93, 151, 155, 81, 103, 9, 127, 37, 3, 46, 97, 107, 102, 59, 2, 18, 159, 74, 141, 76, 44, 123, 82, 22, 5, 47, 110, 94, 139, 133, 1, 58, 134, 41, 67, 16, 99, 71, 115, 143, 64, 70, 146, 0, 7, 24, 17, 111, 150, 65, 52, 145, 105, 112, 131]","[94, 74, 47, 71, 48, 131, 35, 140, 144, 103, 114, 56, 58, 109, 159, 157, 27, 149, 84, 32, 24, 73, 90, 69, 129, 99, 86, 67, 89, 130, 37, 95, 13, 68, 76, 59, 87, 147, 134, 62, 125, 49, 28, 151, 9, 18, 54, 50, 16, 135, 19, 146, 72, 45, 143, 7, 3, 137, 60, 12, 11, 20, 44, 156, 122, 23, 121, 63, 132, 127, 25, 42, 22, 92, 141, 100, 101, 43, 139, 120]","[3, 7, 9, 12, 16, 18, 19, 22, 23, 24, 35, 37, 42, 44, 47, 58, 59, 62, 63, 67, 68, 69, 71, 74, 76, 84, 87, 92, 94, 99, 103, 120, 121, 122, 127, 131, 134, 139, 141, 143, 146, 151, 159]"
6,"[110, 22, 148, 124, 143, 72, 57, 113, 38, 8, 121, 37, 12, 158, 84, 145, 10, 130, 52, 67, 33, 100, 61, 138, 21, 88, 154, 91, 64, 34, 45, 54, 95, 56, 74, 1, 94, 122, 23, 13, 73, 48, 123, 78, 152, 18, 70, 55, 50, 149, 3, 49, 80, 89, 92, 111, 63, 114, 137, 153, 15, 129, 42, 131, 65, 144, 9, 141, 105, 46, 79, 156, 11, 139, 41, 39, 60, 136, 90, 43]","[62, 25, 140, 78, 130, 115, 92, 40, 124, 42, 157, 17, 133, 14, 8, 48, 23, 19, 91, 146, 20, 3, 30, 1, 12, 27, 33, 76, 74, 59, 95, 45, 90, 85, 81, 6, 150, 55, 67, 4, 68, 98, 102, 63, 58, 97, 129, 5, 56, 47, 52, 65, 149, 106, 152, 83, 104, 141, 153, 15, 111, 37, 22, 57, 13, 11, 127, 109, 84, 70, 121, 2, 82, 88, 126, 154, 0, 61, 9, 114]","[1, 3, 8, 9, 11, 12, 13, 15, 22, 23, 33, 37, 42, 45, 48, 52, 55, 56, 57, 61, 63, 65, 67, 70, 74, 78, 84, 88, 90, 91, 92, 95, 111, 114, 121, 124, 129, 130, 141, 149, 152, 153, 154]"
7,"[30, 3, 60, 15, 119, 47, 122, 59, 139, 11, 69, 4, 129, 55, 17, 67, 115, 133, 13, 135, 35, 117, 92, 42, 120, 62, 103, 132, 64, 34, 143, 39, 28, 6, 87, 153, 118, 112, 111, 52, 101, 99, 95, 157, 154, 146, 123, 81, 36, 20, 66, 45, 5, 138, 83, 19, 74, 96, 124, 7, 32, 68, 127, 23, 65, 44, 93, 29, 116, 72, 156, 84, 22, 33, 57, 61, 9, 151, 37, 78]","[9, 41, 75, 3, 142, 21, 46, 48, 11, 10, 107, 80, 145, 22, 159, 109, 28, 130, 143, 125, 103, 98, 96, 8, 76, 135, 151, 82, 44, 113, 69, 4, 6, 129, 17, 78, 88, 63, 15, 29, 38, 112, 1, 158, 30, 39, 131, 5, 16, 51, 71, 74, 53, 104, 37, 140, 144, 89, 114, 141, 134, 27, 123, 81, 106, 86, 43, 137, 33, 100, 152, 24, 70, 26, 157, 47, 36, 52, 85, 149]","[3, 4, 5, 6, 9, 11, 15, 17, 22, 28, 29, 30, 33, 36, 37, 39, 44, 47, 52, 69, 74, 78, 81, 96, 103, 112, 123, 129, 135, 143, 151, 157]"
8,"[126, 117, 93, 69, 46, 58, 134, 66, 14, 10, 156, 55, 140, 113, 28, 0, 72, 2, 85, 115, 128, 15, 125, 80, 64, 34, 104, 70, 1, 98, 33, 77, 25, 56, 13, 135, 75, 83, 47, 12, 150, 92, 87, 35, 100, 123, 142, 121, 32, 42, 53, 132, 26, 118, 141, 60, 49, 8, 145, 86, 45, 120, 136, 29, 137, 65, 152, 130, 71, 5, 22, 91, 94, 107, 82, 52, 11, 73, 74, 157]","[97, 99, 73, 29, 39, 142, 150, 50, 59, 83, 149, 17, 135, 3, 74, 68, 16, 131, 51, 91, 64, 15, 117, 41, 11, 110, 44, 70, 18, 130, 111, 63, 128, 88, 80, 14, 58, 96, 46, 86, 116, 121, 141, 143, 54, 4, 147, 104, 34, 139, 122, 123, 84, 158, 157, 71, 124, 22, 43, 38, 55, 112, 119, 127, 153, 65, 47, 154, 159, 118, 10, 95, 105, 52, 78, 1, 107, 13, 2, 35]","[1, 2, 10, 11, 13, 14, 15, 22, 29, 34, 35, 46, 47, 52, 55, 58, 64, 65, 70, 71, 73, 74, 80, 83, 86, 91, 104, 107, 117, 118, 121, 123, 128, 130, 135, 141, 142, 150, 157]"
9,"[42, 105, 86, 146, 19, 136, 1, 111, 65, 0, 33, 37, 60, 69, 22, 95, 104, 12, 71, 63, 44, 143, 112, 113, 119, 118, 70, 23, 115, 66, 67, 145, 89, 41, 34, 35, 79, 46, 16, 20, 88, 81, 91, 31, 153, 122, 58, 36, 159, 150, 54, 133, 50, 90, 45, 15, 137, 4, 120, 68, 101, 38, 152, 124, 114, 156, 8, 39, 148, 59, 32, 13, 61, 157, 21, 139, 80, 135, 26, 2]","[98, 62, 96, 73, 124, 149, 53, 109, 51, 1, 76, 24, 127, 3, 90, 60, 55, 65, 70, 145, 108, 5, 64, 69, 35, 157, 110, 107, 40, 86, 33, 142, 7, 102, 159, 152, 74, 45, 134, 88, 79, 131, 16, 78, 52, 104, 91, 68, 56, 151, 101, 115, 49, 148, 85, 57, 18, 37, 125, 132, 116, 42, 95, 39, 32, 50, 2, 133, 119, 0, 31, 93, 80, 153, 23, 26, 99, 13, 120, 63]","[0, 1, 2, 13, 16, 23, 26, 31, 32, 33, 35, 37, 39, 42, 45, 50, 60, 63, 65, 68, 69, 70, 79, 80, 86, 88, 90, 91, 95, 101, 104, 115, 119, 120, 124, 133, 145, 148, 152, 153, 157, 159]"
10,"[53, 105, 54, 41, 152, 119, 43, 37, 61, 72, 122, 116, 118, 157, 46, 111, 98, 107, 45, 95, 9, 90, 131, 4, 70, 19, 21, 121, 145, 59, 30, 129, 93, 47, 55, 112, 42, 85, 0, 150, 32, 39, 128, 36, 136, 28, 68, 158, 65, 82, 60, 35, 10, 52, 149, 154, 16, 49, 33, 3, 79, 84, 92, 104, 51, 14, 73, 137, 140, 67, 88, 63, 132, 34, 77, 13, 143, 89, 83, 18]","[159, 146, 52, 124, 54, 68, 98, 47, 26, 102, 99, 1, 23, 114, 3, 88, 119, 33, 156, 66, 125, 141, 78, 38, 144, 5, 81, 7, 76, 32, 48, 133, 112, 51, 128, 71, 113, 46, 28, 152, 13, 77, 85, 20, 117, 121, 92, 103, 2, 82, 41, 79, 62, 111, 24, 148, 130, 15, 18, 39, 136, 9, 34, 151, 22, 96, 116, 50, 147, 107, 27, 143, 40, 63, 131, 100, 0, 155, 69, 142]","[0, 3, 9, 13, 18, 28, 32, 33, 34, 39, 41, 46, 47, 51, 52, 54, 63, 68, 77, 79, 82, 85, 88, 92, 98, 107, 111, 112, 116, 119, 121, 128, 131, 136, 143, 152]"
11,"[64, 97, 51, 157, 153, 57, 90, 65, 62, 156, 33, 116, 48, 107, 21, 44, 15, 12, 96, 101, 92, 30, 75, 118, 73, 84, 69, 35, 24, 123, 94, 158, 47, 112, 140, 83, 100, 105, 93, 117, 119, 91, 0, 106, 120, 36, 151, 81, 108, 66, 39, 52, 60, 104, 89, 154, 22, 5, 20, 127, 147, 46, 1, 135, 134, 78, 133, 72, 55, 138, 95, 122, 11, 40, 155, 41, 139, 144, 121, 58]","[96, 148, 128, 63, 134, 4, 119, 36, 62, 146, 6, 5, 130, 79, 140, 15, 44, 103, 42, 22, 97, 76, 59, 144, 7, 136, 116, 35, 54, 94, 112, 18, 159, 8, 137, 141, 88, 33, 39, 126, 60, 13, 90, 98, 93, 138, 106, 125, 12, 40, 102, 122, 64, 145, 68, 55, 154, 43, 3, 87, 61, 32, 131, 28, 107, 72, 50, 129, 109, 132, 24, 105, 10, 23, 34, 41, 142, 139, 67, 31]","[5, 12, 15, 22, 24, 33, 35, 36, 39, 40, 41, 44, 55, 60, 62, 64, 72, 90, 93, 94, 96, 97, 105, 106, 107, 112, 116, 119, 122, 134, 138, 139, 140, 144, 154]"
12,"[89, 77, 15, 153, 31, 138, 65, 120, 88, 26, 81, 94, 136, 148, 4, 45, 12, 20, 156, 78, 116, 98, 66, 18, 99, 27, 42, 111, 102, 55, 151, 35, 38, 24, 104, 52, 8, 133, 122, 1, 82, 124, 60, 154, 140, 146, 17, 16, 13, 36, 141, 137, 3, 21, 71, 49, 29, 22, 58, 25, 87, 30, 145, 101, 100, 144, 79, 14, 93, 75, 19, 80, 85, 129, 2, 64, 150, 54, 63, 61]","[45, 110, 51, 132, 5, 97, 108, 28, 141, 101, 8, 83, 102, 152, 74, 104, 6, 41, 22, 81, 151, 149, 85, 142, 87, 111, 4, 54, 42, 9, 18, 33, 58, 63, 75, 153, 37, 56, 12, 130, 103, 88, 113, 79, 25, 118, 62, 109, 86, 84, 36, 89, 140, 24, 82, 76, 29, 145, 114, 50, 71, 1, 20, 23, 49, 40, 121, 2, 78, 19, 14, 127, 154, 21, 72, 60, 156, 125, 30, 59]","[1, 2, 4, 8, 12, 14, 18, 19, 20, 21, 22, 24, 25, 29, 30, 36, 42, 45, 49, 54, 58, 60, 63, 71, 75, 78, 79, 81, 82, 85, 87, 88, 89, 101, 102, 104, 111, 140, 141, 145, 151, 153, 154, 156]"
13,"[47, 29, 109, 91, 33, 102, 7, 61, 135, 118, 142, 78, 89, 123, 85, 40, 143, 149, 140, 35, 76, 105, 139, 117, 16, 17, 52, 39, 159, 37, 20, 4, 70, 11, 74, 97, 25, 146, 42, 81, 130, 12, 155, 103, 137, 126, 157, 44, 69, 87, 23, 75, 15, 108, 99, 66, 101, 112, 107, 147, 84, 53, 13, 46, 154, 77, 51, 120, 129, 60, 36, 79, 0, 9, 2, 141, 132, 14, 116, 49]","[95, 13, 37, 104, 137, 158, 14, 62, 64, 148, 128, 129, 99, 11, 113, 134, 86, 133, 66, 54, 115, 102, 48, 26, 40, 72, 27, 16, 24, 39, 94, 135, 141, 147, 108, 140, 157, 106, 67, 150, 98, 38, 159, 23, 89, 46, 42, 61, 118, 28, 70, 78, 130, 68, 83, 57, 52, 50, 75, 101, 107, 112, 153, 31, 88, 84, 18, 120, 96, 69, 6, 34, 127, 105, 20, 91, 9, 82, 100, 0]","[0, 9, 11, 13, 14, 16, 20, 23, 37, 39, 40, 42, 46, 52, 61, 66, 69, 70, 75, 78, 84, 89, 91, 99, 101, 102, 105, 107, 108, 112, 118, 120, 129, 130, 135, 137, 140, 141, 147, 157, 159]"
14,"[63, 100, 132, 24, 86, 44, 6, 145, 58, 38, 74, 108, 157, 32, 57, 147, 62, 142, 13, 71, 112, 140, 122, 17, 36, 92, 115, 98, 56, 61, 20, 14, 35, 91, 149, 102, 68, 39, 96, 9, 105, 45, 121, 107, 50, 25, 73, 95, 120, 37, 125, 43, 103, 151, 1, 82, 126, 77, 48, 76, 18, 152, 111, 116, 84, 27, 131, 94, 40, 28, 29, 130, 30, 123, 139, 135, 155, 8, 141, 99]","[140, 1, 50, 83, 36, 24, 58, 56, 40, 126, 86, 155, 125, 156, 27, 51, 80, 28, 30, 32, 118, 15, 46, 63, 41, 95, 146, 18, 60, 127, 111, 87, 21, 49, 14, 4, 78, 26, 141, 107, 29, 13, 62, 144, 92, 20, 3, 39, 89, 102, 55, 122, 16, 137, 57, 74, 96, 35, 114, 79, 100, 6, 72, 52, 70, 61, 133, 109, 150, 76, 130, 105, 47, 121, 128, 43, 7, 10, 90, 99]","[1, 6, 13, 14, 18, 20, 24, 27, 28, 29, 30, 32, 35, 36, 39, 40, 43, 50, 56, 57, 58, 61, 62, 63, 74, 76, 86, 92, 95, 96, 99, 100, 102, 105, 107, 111, 121, 122, 125, 126, 130, 140, 141, 155]"
15,"[152, 2, 13, 28, 86, 45, 23, 65, 27, 108, 26, 42, 146, 59, 82, 144, 18, 127, 151, 48, 114, 55, 7, 132, 74, 110, 137, 60, 40, 71, 109, 54, 1, 79, 98, 9, 6, 53, 73, 15, 70, 83, 69, 67, 105, 85, 125, 159, 89, 142, 106, 87, 130, 148, 10, 112, 143, 150, 3, 37, 39, 117, 77, 24, 19, 30, 139, 49, 56, 75, 22, 116, 94, 102, 46, 50, 122, 140, 95, 91]","[88, 91, 67, 72, 128, 108, 77, 151, 3, 35, 123, 87, 56, 11, 125, 21, 58, 16, 127, 70, 159, 14, 5, 130, 148, 25, 153, 34, 54, 17, 0, 122, 104, 68, 103, 31, 145, 26, 105, 82, 83, 85, 66, 143, 94, 93, 52, 102, 119, 90, 114, 81, 75, 73, 120, 118, 95, 154, 43, 133, 116, 55, 47, 62, 135, 15, 115, 129, 74, 13, 50, 100, 106, 20, 44, 18, 69, 40, 149, 117]","[3, 13, 15, 18, 26, 40, 50, 54, 55, 56, 67, 69, 70, 73, 74, 75, 77, 82, 83, 85, 87, 91, 94, 95, 102, 105, 106, 108, 114, 116, 117, 122, 125, 127, 130, 143, 148, 151, 159]"
16,"[89, 78, 69, 96, 62, 61, 35, 29, 110, 14, 157, 45, 70, 126, 144, 26, 23, 32, 64, 133, 140, 111, 153, 151, 94, 106, 18, 90, 42, 122, 143, 156, 53, 25, 131, 104, 128, 5, 66, 148, 49, 129, 73, 136, 77, 50, 34, 7, 137, 60, 125, 147, 123, 97, 101, 116, 13, 108, 21, 82, 98, 9, 124, 37, 91, 59, 152, 142, 112, 47, 81, 150, 28, 58, 93, 132, 83, 54, 76, 72]","[149, 28, 23, 159, 59, 116, 121, 15, 130, 42, 69, 122, 5, 57, 49, 66, 12, 47, 22, 81, 148, 38, 89, 99, 114, 117, 30, 14, 31, 45, 37, 124, 145, 111, 147, 115, 78, 50, 26, 106, 36, 135, 102, 75, 13, 53, 55, 84, 4, 141, 104, 109, 134, 54, 44, 61, 156, 100, 88, 34, 118, 94, 131, 17, 64, 58, 41, 139, 151, 119, 105, 6, 62, 51, 120, 24, 33, 154, 93, 72]","[5, 13, 14, 23, 26, 28, 34, 37, 42, 45, 47, 49, 50, 53, 54, 58, 59, 61, 62, 64, 66, 69, 72, 78, 81, 89, 93, 94, 104, 106, 111, 116, 122, 124, 131, 147, 148, 151, 156]"
17,"[61, 76, 34, 13, 16, 120, 37, 131, 124, 6, 22, 138, 145, 77, 142, 21, 56, 25, 140, 143, 51, 72, 119, 113, 80, 100, 17, 85, 108, 101, 48, 29, 158, 82, 28, 155, 81, 57, 12, 52, 0, 26, 112, 8, 44, 150, 74, 5, 90, 73, 63, 31, 125, 92, 32, 122, 115, 19, 88, 137, 18, 129, 69, 3, 2, 9, 116, 45, 67, 83, 146, 68, 147, 141, 4, 91, 54, 130, 7, 62]","[100, 10, 70, 24, 131, 34, 127, 133, 99, 145, 52, 12, 16, 28, 27, 22, 83, 158, 92, 114, 102, 124, 8, 38, 93, 86, 101, 2, 42, 142, 50, 3, 45, 35, 67, 150, 68, 146, 0, 138, 81, 59, 23, 62, 98, 154, 152, 46, 55, 4, 109, 78, 125, 43, 84, 47, 37, 85, 30, 11, 121, 53, 32, 113, 95, 54, 111, 14, 69, 136, 139, 36, 48, 65, 143, 44, 144, 57, 153, 141]","[0, 2, 3, 4, 8, 12, 16, 22, 28, 32, 34, 37, 44, 45, 48, 52, 54, 57, 62, 67, 68, 69, 81, 83, 85, 92, 100, 101, 113, 124, 125, 131, 138, 141, 142, 143, 145, 146, 150, 158]"
18,"[12, 109, 70, 54, 156, 73, 39, 13, 78, 148, 27, 0, 71, 114, 103, 51, 20, 150, 118, 16, 60, 58, 40, 138, 139, 142, 151, 90, 84, 48, 36, 135, 144, 126, 59, 41, 47, 82, 86, 131, 6, 88, 43, 52, 153, 106, 66, 137, 1, 26, 128, 49, 105, 76, 95, 136, 35, 87, 104, 7, 133, 127, 4, 124, 5, 75, 44, 120, 23, 122, 102, 31, 11, 155, 3, 18, 65, 28, 89, 159]","[93, 9, 79, 33, 14, 108, 80, 23, 115, 146, 144, 63, 20, 157, 109, 147, 90, 106, 103, 84, 78, 51, 154, 127, 7, 94, 18, 122, 24, 140, 19, 11, 121, 3, 28, 159, 74, 141, 57, 130, 40, 100, 4, 59, 125, 135, 131, 38, 76, 41, 46, 145, 83, 99, 31, 114, 6, 132, 152, 44, 137, 43, 124, 107, 149, 155, 65, 62, 97, 69, 64, 0, 71, 52, 72, 21, 120, 53, 15, 148]","[0, 3, 4, 6, 7, 11, 18, 20, 23, 28, 31, 40, 41, 43, 44, 51, 52, 59, 65, 71, 76, 78, 84, 90, 103, 106, 109, 114, 120, 122, 124, 127, 131, 135, 137, 144, 148, 155, 159]"
19,"[136, 140, 94, 104, 8, 38, 157, 150, 73, 28, 79, 96, 68, 48, 69, 39, 18, 24, 44, 17, 12, 67, 116, 5, 46, 105, 109, 101, 80, 64, 52, 128, 37, 62, 130, 82, 50, 112, 25, 26, 75, 137, 156, 119, 138, 76, 49, 87, 63, 58, 114, 132, 19, 113, 90, 144, 45, 95, 146, 14, 41, 35, 83, 65, 32, 40, 153, 88, 122, 155, 72, 22, 120, 91, 111, 85, 100, 97, 107, 9]","[102, 15, 134, 116, 79, 141, 22, 54, 104, 98, 155, 101, 69, 121, 110, 56, 60, 137, 151, 36, 152, 112, 122, 119, 105, 103, 13, 1, 75, 86, 131, 46, 153, 111, 78, 25, 21, 81, 29, 83, 135, 65, 80, 45, 30, 124, 28, 64, 158, 99, 62, 10, 5, 59, 118, 11, 125, 7, 26, 146, 71, 130, 33, 94, 150, 85, 23, 156, 66, 72, 19, 107, 145, 100, 139, 35, 52, 16, 106, 39]","[5, 19, 22, 25, 26, 28, 35, 39, 45, 46, 52, 62, 64, 65, 69, 72, 75, 79, 80, 83, 85, 94, 100, 101, 104, 105, 107, 111, 112, 116, 119, 122, 130, 137, 146, 150, 153, 155, 156]"
20,"[29, 41, 78, 79, 12, 103, 75, 151, 7, 3, 16, 27, 0, 43, 115, 140, 10, 25, 137, 159, 11, 34, 118, 138, 149, 66, 38, 91, 135, 26, 37, 84, 134, 153, 85, 143, 9, 100, 44, 4, 31, 107, 80, 146, 18, 141, 20, 46, 86, 87, 8, 109, 42, 102, 35, 69, 59, 155, 64, 119, 152, 127, 120, 89, 57, 154, 73, 24, 113, 58, 145, 77, 76, 13, 142, 148, 49, 98, 53, 60]","[24, 151, 17, 115, 90, 131, 125, 47, 58, 82, 88, 113, 154, 97, 56, 100, 98, 127, 38, 63, 35, 0, 11, 18, 45, 20, 23, 104, 84, 68, 158, 30, 54, 116, 147, 34, 108, 13, 126, 4, 76, 26, 36, 43, 57, 153, 69, 141, 155, 146, 156, 107, 64, 124, 101, 65, 96, 142, 32, 55, 133, 144, 70, 67, 2, 152, 1, 105, 59, 99, 75, 48, 148, 159, 140, 120, 137, 117, 66, 21]","[0, 4, 11, 13, 18, 20, 24, 26, 34, 35, 38, 43, 57, 58, 59, 64, 66, 69, 75, 76, 84, 98, 100, 107, 113, 115, 120, 127, 137, 140, 141, 142, 146, 148, 151, 152, 153, 154, 155, 159]"
21,"[40, 96, 79, 83, 149, 16, 67, 2, 113, 66, 5, 91, 15, 48, 147, 90, 120, 119, 98, 50, 80, 131, 73, 121, 88, 99, 137, 108, 60, 158, 68, 102, 9, 12, 142, 58, 28, 75, 8, 134, 95, 145, 31, 22, 112, 110, 135, 107, 71, 10, 153, 125, 59, 55, 19, 20, 81, 115, 0, 138, 111, 14, 6, 144, 143, 132, 53, 47, 72, 34, 62, 26, 63, 150, 70, 114, 74, 49, 43, 78]","[71, 52, 58, 22, 34, 145, 105, 13, 118, 9, 154, 3, 68, 14, 139, 51, 82, 70, 158, 55, 128, 35, 100, 76, 11, 151, 87, 18, 97, 0, 65, 150, 115, 144, 30, 148, 4, 136, 83, 38, 29, 69, 99, 66, 44, 27, 94, 92, 10, 81, 103, 46, 98, 95, 20, 85, 31, 129, 106, 56, 79, 57, 62, 42, 43, 64, 41, 109, 5, 137, 28, 77, 78, 159, 61, 60, 26, 134, 121, 133]","[0, 5, 9, 10, 14, 20, 22, 26, 28, 31, 34, 43, 55, 58, 60, 62, 66, 68, 70, 71, 78, 79, 81, 83, 95, 98, 99, 115, 121, 134, 137, 144, 145, 150, 158]"
22,"[93, 43, 48, 156, 149, 128, 44, 19, 72, 4, 21, 118, 52, 96, 8, 25, 29, 65, 151, 87, 143, 37, 47, 82, 57, 49, 64, 74, 40, 84, 24, 113, 22, 94, 139, 108, 13, 81, 3, 38, 2, 32, 88, 58, 12, 16, 53, 46, 78, 55, 122, 123, 104, 33, 10, 76, 63, 145, 114, 79, 120, 137, 28, 54, 30, 1, 85, 112, 9, 129, 97, 146, 61, 116, 125, 15, 124, 106, 142, 154]","[130, 41, 10, 57, 108, 34, 25, 23, 146, 3, 30, 119, 138, 37, 2, 89, 123, 8, 9, 22, 137, 24, 48, 26, 49, 142, 65, 82, 1, 120, 18, 73, 61, 116, 28, 60, 14, 129, 29, 72, 42, 110, 66, 46, 88, 98, 96, 36, 145, 95, 124, 55, 52, 15, 19, 53, 27, 147, 99, 105, 157, 100, 16, 63, 59, 140, 12, 43, 114, 131, 155, 148, 38, 121, 40, 67, 33, 86, 68, 50]","[1, 2, 3, 8, 9, 10, 12, 15, 16, 19, 22, 24, 25, 28, 29, 30, 33, 37, 38, 40, 43, 46, 48, 49, 52, 53, 55, 57, 61, 63, 65, 72, 82, 88, 96, 108, 114, 116, 120, 123, 124, 129, 137, 142, 145, 146]"
23,"[46, 118, 141, 47, 10, 116, 30, 85, 43, 28, 68, 97, 89, 78, 37, 69, 111, 157, 130, 91, 2, 24, 131, 108, 92, 114, 129, 9, 14, 94, 73, 143, 18, 87, 15, 55, 57, 33, 142, 128, 152, 77, 32, 84, 34, 151, 63, 21, 27, 109, 41, 110, 6, 38, 86, 75, 121, 7, 35, 39, 104, 138, 36, 79, 105, 12, 65, 1, 159, 123, 119, 146, 67, 102, 53, 148, 120, 126, 48, 8]","[100, 106, 131, 45, 12, 20, 66, 19, 86, 109, 74, 5, 56, 46, 130, 11, 97, 110, 27, 59, 104, 75, 140, 107, 68, 31, 43, 89, 137, 1, 111, 47, 62, 33, 143, 73, 91, 88, 52, 16, 37, 17, 57, 87, 35, 119, 15, 127, 147, 10, 125, 23, 102, 157, 115, 133, 6, 116, 0, 8, 103, 146, 32, 108, 124, 132, 51, 54, 14, 153, 21, 42, 134, 93, 155, 63, 24, 139, 83, 72]","[1, 6, 8, 10, 12, 14, 15, 21, 24, 27, 32, 33, 35, 37, 43, 46, 47, 57, 63, 68, 73, 75, 86, 87, 89, 91, 97, 102, 104, 108, 109, 110, 111, 116, 119, 130, 131, 143, 146, 157]"
24,"[108, 43, 22, 147, 159, 148, 103, 68, 66, 154, 11, 47, 52, 14, 1, 13, 134, 97, 48, 79, 46, 126, 88, 77, 2, 101, 84, 104, 87, 145, 73, 17, 136, 70, 53, 118, 107, 12, 124, 109, 157, 115, 128, 156, 144, 54, 142, 38, 137, 6, 3, 51, 72, 132, 100, 143, 15, 81, 10, 96, 125, 99, 5, 16, 50, 31, 90, 74, 37, 135, 150, 106, 23, 24, 9, 91, 28, 62, 0, 121]","[69, 143, 0, 156, 150, 5, 60, 79, 70, 146, 105, 109, 47, 29, 16, 133, 8, 80, 86, 134, 106, 2, 129, 65, 131, 32, 59, 110, 21, 90, 40, 138, 97, 19, 159, 77, 74, 151, 18, 115, 117, 61, 93, 132, 91, 95, 112, 49, 17, 45, 14, 104, 92, 58, 114, 157, 30, 127, 24, 103, 96, 158, 116, 125, 26, 37, 153, 130, 102, 101, 25, 136, 53, 122, 83, 98, 113, 100, 44, 9]","[0, 2, 5, 9, 14, 16, 17, 24, 37, 47, 53, 70, 74, 77, 79, 90, 91, 96, 97, 100, 101, 103, 104, 106, 109, 115, 125, 132, 134, 136, 143, 150, 156, 157, 159]"
25,"[113, 128, 132, 143, 4, 70, 12, 103, 126, 115, 25, 133, 84, 76, 159, 35, 60, 137, 102, 101, 7, 134, 87, 3, 57, 157, 43, 8, 17, 40, 124, 53, 158, 147, 22, 153, 138, 144, 112, 32, 135, 16, 20, 149, 142, 42, 59, 98, 141, 150, 125, 129, 39, 65, 31, 49, 105, 47, 66, 61, 139, 146, 94, 56, 15, 77, 91, 107, 154, 63, 111, 110, 73, 104, 156, 29, 75, 108, 52, 13]","[155, 84, 103, 87, 21, 51, 78, 9, 48, 156, 141, 97, 86, 94, 1, 55, 118, 125, 65, 149, 53, 69, 74, 89, 113, 131, 111, 58, 49, 46, 11, 147, 35, 101, 102, 57, 104, 130, 32, 63, 28, 54, 91, 70, 126, 151, 40, 22, 47, 5, 50, 29, 123, 139, 157, 12, 3, 132, 45, 66, 93, 136, 85, 140, 20, 127, 36, 100, 24, 44, 96, 115, 67, 10, 13, 31, 106, 76, 124, 62]","[3, 12, 13, 20, 22, 29, 31, 32, 35, 40, 47, 49, 53, 57, 63, 65, 66, 70, 76, 84, 87, 91, 94, 101, 102, 103, 104, 111, 113, 115, 124, 125, 126, 132, 139, 141, 147, 149, 156, 157]"
26,"[52, 60, 47, 6, 73, 141, 126, 67, 79, 151, 87, 33, 92, 134, 48, 42, 18, 4, 145, 31, 13, 138, 105, 150, 152, 158, 102, 2, 133, 54, 110, 108, 85, 46, 36, 32, 77, 45, 76, 96, 55, 11, 125, 104, 137, 62, 56, 24, 72, 130, 111, 147, 71, 66, 74, 121, 101, 123, 43, 89, 120, 99, 38, 135, 97, 39, 146, 9, 155, 93, 80, 8, 34, 40, 157, 41, 3, 19, 106, 81]","[21, 144, 84, 157, 62, 28, 63, 51, 46, 135, 54, 26, 117, 139, 37, 47, 30, 129, 68, 29, 14, 159, 125, 19, 97, 95, 149, 126, 25, 57, 53, 64, 17, 141, 140, 77, 3, 23, 74, 80, 146, 145, 34, 151, 55, 72, 154, 127, 82, 115, 67, 52, 143, 94, 90, 155, 133, 22, 134, 142, 158, 10, 36, 148, 87, 2, 137, 147, 106, 116, 49, 43, 120, 123, 16, 11, 91, 70, 71, 79]","[2, 3, 11, 19, 34, 36, 43, 46, 47, 52, 54, 55, 62, 67, 71, 72, 74, 77, 79, 80, 87, 97, 106, 120, 123, 125, 126, 133, 134, 135, 137, 141, 145, 146, 147, 151, 155, 157, 158]"
27,"[130, 65, 3, 95, 100, 54, 59, 112, 129, 93, 64, 155, 157, 94, 148, 34, 63, 86, 102, 120, 55, 68, 66, 131, 32, 1, 61, 142, 139, 46, 81, 43, 70, 47, 149, 154, 105, 44, 150, 83, 122, 125, 67, 140, 80, 73, 98, 114, 101, 45, 12, 11, 15, 10, 113, 132, 77, 116, 8, 99, 36, 2, 159, 97, 133, 25, 91, 24, 28, 39, 118, 30, 96, 35, 90, 29, 21, 110, 16, 141]","[8, 125, 72, 16, 140, 153, 37, 126, 67, 128, 1, 35, 121, 44, 32, 66, 111, 5, 133, 130, 40, 69, 80, 150, 78, 109, 22, 110, 91, 46, 75, 10, 15, 9, 48, 105, 108, 118, 31, 29, 41, 99, 147, 79, 142, 81, 159, 63, 115, 139, 90, 101, 3, 122, 82, 136, 86, 97, 127, 62, 157, 51, 19, 158, 76, 43, 70, 135, 26, 42, 117, 116, 129, 152, 102, 145, 47, 56, 36, 149]","[1, 3, 8, 10, 15, 16, 29, 32, 35, 36, 43, 44, 46, 47, 63, 66, 67, 70, 80, 81, 86, 90, 91, 97, 99, 101, 102, 105, 110, 116, 118, 122, 125, 129, 130, 133, 139, 140, 142, 149, 150, 157, 159]"
28,"[135, 91, 146, 11, 144, 0, 156, 124, 100, 13, 103, 45, 57, 79, 32, 115, 106, 28, 50, 12, 44, 4, 77, 39, 102, 69, 21, 76, 95, 134, 48, 110, 108, 117, 80, 41, 61, 7, 139, 137, 90, 140, 113, 75, 116, 155, 98, 18, 6, 17, 119, 16, 47, 74, 73, 14, 120, 97, 105, 42, 31, 109, 30, 27, 19, 56, 153, 10, 129, 96, 143, 126, 92, 29, 145, 159, 133, 35, 3, 37]","[110, 112, 58, 89, 31, 33, 132, 155, 100, 13, 117, 130, 153, 124, 39, 139, 136, 57, 79, 150, 154, 121, 128, 4, 12, 113, 62, 70, 24, 46, 9, 59, 14, 69, 143, 99, 27, 109, 60, 51, 159, 68, 87, 15, 1, 115, 137, 123, 91, 78, 42, 108, 11, 119, 148, 125, 64, 20, 126, 26, 66, 81, 80, 133, 158, 88, 92, 2, 96, 38, 74, 151, 94, 0, 131, 49, 44, 127, 97, 3]","[0, 3, 4, 11, 12, 13, 14, 27, 31, 39, 42, 44, 57, 69, 74, 79, 80, 91, 92, 96, 97, 100, 108, 109, 110, 113, 115, 117, 119, 124, 126, 133, 137, 139, 143, 153, 155, 159]"
29,"[1, 72, 35, 94, 71, 5, 79, 141, 44, 63, 117, 145, 56, 113, 74, 147, 91, 36, 40, 143, 131, 37, 88, 17, 138, 119, 154, 106, 140, 62, 115, 121, 54, 89, 144, 42, 59, 95, 92, 116, 50, 103, 53, 128, 100, 156, 55, 132, 107, 9, 101, 98, 93, 118, 75, 25, 65, 66, 46, 15, 148, 82, 45, 130, 157, 127, 67, 27, 20, 83, 126, 108, 38, 155, 39, 4, 73, 133, 129, 31]","[86, 95, 132, 9, 33, 41, 104, 54, 101, 151, 150, 146, 91, 29, 124, 62, 75, 19, 84, 3, 85, 22, 23, 69, 16, 110, 125, 117, 20, 72, 43, 118, 81, 73, 65, 142, 4, 59, 67, 112, 82, 109, 61, 158, 30, 78, 137, 7, 79, 102, 51, 139, 77, 13, 52, 39, 159, 28, 147, 53, 6, 141, 15, 152, 129, 133, 154, 10, 115, 17, 74, 26, 0, 88, 121, 8, 46, 122, 123, 100]","[4, 9, 15, 17, 20, 39, 46, 53, 54, 59, 62, 65, 67, 72, 73, 74, 75, 79, 82, 88, 91, 95, 100, 101, 115, 117, 118, 121, 129, 132, 133, 141, 147, 154]"
30,"[38, 81, 103, 30, 155, 62, 156, 158, 29, 147, 59, 65, 105, 28, 70, 130, 142, 126, 7, 34, 106, 143, 51, 124, 23, 149, 32, 69, 92, 11, 19, 55, 98, 22, 95, 48, 5, 96, 26, 79, 50, 63, 77, 87, 84, 86, 135, 141, 94, 57, 138, 152, 113, 114, 33, 52, 101, 137, 78, 148, 82, 108, 36, 104, 122, 125, 13, 159, 56, 134, 151, 6, 117, 15, 14, 127, 90, 46, 8, 112]","[124, 151, 34, 136, 61, 140, 131, 2, 22, 17, 60, 84, 81, 157, 3, 46, 95, 11, 19, 154, 128, 63, 75, 143, 139, 18, 92, 15, 99, 14, 135, 156, 73, 83, 149, 138, 51, 104, 28, 13, 29, 129, 147, 8, 103, 20, 111, 25, 146, 88, 31, 137, 126, 107, 47, 74, 125, 4, 94, 152, 79, 27, 64, 1, 96, 23, 38, 44, 142, 120, 49, 112, 110, 35, 69, 39, 71, 53, 155, 121]","[8, 11, 13, 14, 15, 19, 22, 23, 28, 29, 34, 38, 46, 51, 63, 69, 79, 81, 84, 92, 94, 95, 96, 103, 104, 112, 124, 125, 126, 135, 137, 138, 142, 143, 147, 149, 151, 152, 155, 156]"
31,"[153, 125, 35, 11, 39, 121, 105, 82, 1, 47, 159, 73, 50, 51, 66, 36, 140, 38, 89, 144, 80, 94, 57, 139, 21, 26, 17, 114, 141, 28, 64, 77, 16, 41, 48, 88, 146, 93, 152, 133, 58, 119, 151, 7, 78, 61, 97, 118, 102, 8, 108, 154, 147, 14, 95, 46, 99, 3, 32, 107, 84, 13, 157, 149, 53, 59, 65, 127, 85, 5, 92, 87, 132, 115, 158, 2, 109, 145, 19, 69]","[159, 113, 128, 24, 72, 152, 34, 136, 100, 106, 60, 116, 19, 93, 107, 9, 85, 23, 13, 86, 26, 139, 101, 15, 52, 83, 27, 117, 10, 43, 16, 78, 154, 37, 94, 125, 142, 70, 40, 32, 63, 46, 104, 36, 33, 130, 17, 56, 1, 54, 61, 118, 135, 84, 140, 53, 145, 102, 124, 62, 48, 89, 42, 12, 148, 66, 82, 141, 143, 105, 77, 3, 11, 74, 133, 51, 21, 119, 103, 147]","[1, 3, 11, 13, 16, 17, 19, 21, 26, 32, 36, 46, 48, 51, 53, 61, 66, 77, 78, 82, 84, 85, 89, 93, 94, 102, 105, 107, 118, 119, 125, 133, 139, 140, 141, 145, 147, 152, 154, 159]"
32,"[88, 25, 74, 128, 49, 51, 125, 139, 70, 127, 81, 99, 97, 111, 105, 8, 46, 100, 113, 133, 52, 9, 69, 61, 14, 58, 106, 38, 10, 17, 68, 60, 12, 45, 22, 131, 27, 36, 30, 115, 56, 20, 28, 7, 157, 150, 11, 24, 75, 93, 6, 146, 21, 94, 77, 96, 16, 135, 144, 43, 55, 121, 76, 148, 86, 123, 57, 142, 141, 126, 130, 39, 29, 0, 107, 124, 85, 78, 159, 3]","[63, 56, 45, 145, 75, 58, 71, 123, 19, 74, 8, 55, 72, 108, 96, 12, 82, 28, 127, 85, 47, 158, 46, 159, 143, 41, 0, 11, 62, 33, 102, 49, 42, 107, 50, 106, 80, 97, 76, 35, 1, 155, 6, 122, 157, 61, 23, 65, 64, 86, 154, 133, 91, 136, 60, 146, 22, 38, 100, 134, 52, 118, 114, 39, 139, 27, 142, 14, 90, 153, 93, 112, 120, 16, 151, 3, 135, 140, 126, 115]","[0, 3, 6, 8, 11, 12, 14, 16, 22, 27, 28, 38, 39, 45, 46, 49, 52, 55, 56, 58, 60, 61, 74, 75, 76, 85, 86, 93, 96, 97, 100, 106, 107, 115, 123, 126, 127, 133, 135, 139, 142, 146, 157, 159]"
33,"[74, 78, 140, 57, 36, 33, 73, 157, 23, 106, 51, 4, 90, 134, 143, 118, 111, 32, 89, 40, 16, 147, 102, 52, 28, 81, 58, 113, 72, 6, 128, 55, 43, 154, 103, 11, 139, 17, 15, 84, 127, 41, 135, 141, 96, 3, 77, 69, 1, 21, 70, 65, 156, 152, 137, 22, 37, 126, 107, 116, 29, 35, 63, 66, 109, 112, 10, 136, 130, 50, 87, 110, 25, 104, 48, 125, 27, 59, 2, 142]","[122, 124, 156, 73, 67, 132, 142, 126, 60, 14, 109, 137, 78, 26, 105, 128, 40, 54, 11, 149, 1, 38, 44, 2, 140, 80, 45, 85, 154, 22, 0, 5, 47, 35, 41, 87, 12, 50, 39, 15, 46, 31, 108, 159, 138, 64, 121, 74, 61, 34, 146, 99, 32, 110, 111, 16, 148, 49, 139, 20, 125, 66, 102, 33, 19, 36, 28, 68, 8, 93, 112, 100, 89, 30, 4, 106, 136, 134, 81, 24]","[1, 2, 4, 11, 15, 16, 22, 28, 32, 33, 35, 36, 40, 41, 50, 66, 73, 74, 78, 81, 87, 89, 102, 106, 109, 110, 111, 112, 125, 126, 128, 134, 136, 137, 139, 140, 142, 154, 156]"
34,"[124, 94, 64, 148, 132, 56, 37, 69, 137, 118, 123, 24, 16, 146, 47, 99, 120, 9, 97, 0, 57, 136, 93, 119, 27, 62, 70, 48, 86, 98, 150, 65, 74, 103, 133, 28, 79, 55, 31, 102, 81, 131, 143, 32, 23, 88, 83, 14, 2, 157, 84, 95, 7, 6, 61, 147, 73, 26, 5, 159, 116, 19, 154, 82, 108, 20, 101, 106, 44, 63, 18, 114, 156, 140, 53, 49, 54, 67, 50, 151]","[43, 125, 129, 127, 50, 110, 92, 144, 66, 45, 94, 136, 73, 16, 124, 75, 67, 157, 74, 12, 62, 13, 36, 81, 15, 96, 9, 137, 111, 37, 152, 63, 35, 89, 109, 150, 17, 1, 140, 145, 54, 147, 116, 122, 83, 159, 42, 78, 46, 155, 3, 118, 135, 40, 107, 14, 34, 82, 134, 71, 6, 154, 84, 19, 26, 41, 7, 48, 49, 86, 30, 72, 105, 146, 39, 119, 31, 60, 95, 143]","[6, 7, 9, 14, 16, 19, 26, 31, 37, 48, 49, 50, 54, 62, 63, 67, 73, 74, 81, 82, 83, 84, 86, 94, 95, 116, 118, 119, 124, 136, 137, 140, 143, 146, 147, 150, 154, 157, 159]"
35,"[97, 72, 154, 113, 82, 76, 93, 141, 115, 124, 126, 67, 158, 142, 117, 86, 130, 149, 47, 13, 11, 46, 37, 99, 43, 143, 73, 24, 42, 19, 77, 9, 62, 0, 31, 127, 111, 52, 148, 147, 140, 89, 38, 32, 65, 136, 1, 45, 39, 118, 91, 144, 66, 114, 129, 120, 88, 152, 145, 123, 54, 55, 17, 35, 29, 146, 40, 53, 139, 133, 68, 156, 155, 36, 26, 95, 58, 30, 84, 50]","[15, 66, 89, 108, 20, 117, 12, 123, 125, 27, 101, 150, 36, 143, 70, 136, 14, 110, 140, 77, 13, 43, 26, 74, 35, 130, 113, 139, 22, 86, 135, 59, 41, 133, 94, 152, 21, 73, 151, 119, 23, 2, 33, 87, 65, 156, 16, 31, 64, 104, 18, 29, 154, 100, 69, 96, 138, 78, 122, 3, 62, 25, 17, 53, 158, 95, 126, 63, 40, 71, 30, 114, 127, 42, 82, 109, 115, 124, 9, 51]","[9, 13, 17, 26, 29, 30, 31, 35, 36, 40, 42, 43, 53, 62, 65, 66, 73, 77, 82, 86, 89, 95, 113, 114, 115, 117, 123, 124, 126, 127, 130, 133, 136, 139, 140, 143, 152, 154, 156, 158]"
36,"[119, 38, 147, 32, 55, 149, 153, 141, 35, 81, 49, 88, 34, 48, 52, 97, 84, 46, 94, 130, 125, 92, 155, 30, 148, 87, 79, 58, 140, 95, 115, 5, 69, 56, 127, 28, 80, 19, 42, 2, 33, 154, 16, 41, 129, 44, 144, 51, 145, 107, 152, 142, 100, 158, 7, 91, 136, 60, 131, 86, 50, 6, 116, 31, 66, 63, 82, 76, 24, 99, 157, 101, 9, 53, 54, 126, 45, 15, 75, 123]","[61, 55, 127, 151, 121, 11, 158, 109, 155, 36, 52, 30, 63, 62, 89, 23, 70, 32, 80, 64, 119, 54, 72, 38, 131, 96, 0, 26, 108, 21, 6, 28, 31, 133, 44, 33, 132, 84, 45, 95, 98, 17, 68, 66, 20, 2, 53, 104, 114, 14, 78, 92, 16, 111, 49, 86, 46, 122, 3, 97, 105, 143, 69, 145, 22, 147, 85, 136, 47, 156, 57, 35, 90, 39, 93, 126, 27, 91, 25, 128]","[2, 6, 16, 28, 30, 31, 32, 33, 35, 38, 44, 45, 46, 49, 52, 53, 54, 55, 63, 66, 69, 80, 84, 86, 91, 92, 95, 97, 119, 126, 127, 131, 136, 145, 147, 155, 158]"
37,"[122, 73, 82, 154, 30, 132, 159, 143, 114, 17, 87, 64, 16, 72, 140, 56, 74, 118, 84, 98, 59, 40, 90, 54, 83, 5, 65, 0, 27, 67, 100, 26, 3, 55, 85, 38, 91, 10, 136, 155, 37, 127, 146, 157, 79, 47, 147, 57, 109, 119, 36, 134, 8, 97, 34, 71, 43, 96, 35, 86, 60, 106, 113, 95, 28, 137, 39, 1, 158, 75, 131, 105, 50, 135, 53, 124, 153, 120, 93, 88]","[6, 20, 2, 9, 82, 33, 145, 29, 51, 15, 91, 149, 28, 94, 79, 70, 71, 65, 85, 19, 45, 17, 114, 156, 111, 44, 152, 130, 50, 126, 32, 84, 121, 96, 31, 69, 105, 140, 131, 141, 0, 34, 135, 143, 88, 40, 63, 61, 52, 7, 146, 36, 99, 80, 25, 103, 113, 24, 107, 123, 12, 11, 125, 1, 118, 76, 108, 35, 112, 115, 90, 8, 93, 136, 95, 137, 116, 59, 66, 128]","[0, 1, 8, 17, 28, 34, 35, 36, 40, 50, 59, 65, 71, 79, 82, 84, 85, 88, 90, 91, 93, 95, 96, 105, 113, 114, 118, 131, 135, 136, 137, 140, 143, 146]"
38,"[148, 73, 24, 93, 78, 155, 132, 147, 139, 87, 100, 53, 44, 58, 90, 144, 66, 60, 63, 131, 71, 28, 46, 10, 143, 69, 84, 27, 82, 126, 104, 150, 7, 146, 8, 18, 108, 89, 6, 77, 102, 123, 113, 0, 136, 157, 67, 91, 13, 51, 138, 80, 101, 62, 49, 25, 50, 5, 156, 121, 70, 55, 20, 141, 128, 64, 97, 45, 103, 134, 35, 59, 137, 68, 129, 76, 16, 85, 31, 56]","[69, 140, 16, 34, 28, 116, 35, 151, 159, 1, 32, 62, 109, 132, 85, 7, 18, 45, 154, 89, 26, 8, 90, 60, 153, 125, 77, 80, 123, 115, 20, 157, 33, 117, 84, 23, 122, 133, 121, 68, 82, 37, 79, 108, 25, 75, 57, 149, 107, 52, 139, 99, 42, 0, 87, 142, 141, 70, 64, 158, 91, 3, 97, 130, 46, 65, 110, 100, 143, 111, 59, 63, 127, 29, 94, 27, 150, 98, 124, 128]","[0, 7, 8, 16, 18, 20, 25, 27, 28, 35, 45, 46, 59, 60, 62, 63, 64, 68, 69, 70, 77, 80, 82, 84, 85, 87, 89, 90, 91, 97, 100, 108, 121, 123, 128, 132, 139, 141, 143, 150, 157]"
39,"[96, 21, 28, 87, 99, 89, 51, 83, 49, 118, 9, 156, 17, 88, 41, 84, 82, 149, 144, 15, 146, 100, 123, 145, 3, 6, 65, 79, 128, 25, 131, 29, 39, 98, 129, 69, 30, 35, 5, 63, 77, 23, 91, 24, 138, 86, 26, 40, 108, 36, 46, 20, 67, 154, 126, 76, 14, 121, 103, 97, 95, 134, 71, 112, 38, 59, 60, 116, 153, 114, 130, 90, 92, 158, 75, 78, 33, 4, 148, 115]","[18, 28, 118, 85, 26, 80, 112, 131, 140, 142, 38, 15, 95, 104, 141, 93, 57, 32, 12, 46, 79, 78, 74, 16, 31, 22, 92, 114, 138, 63, 0, 153, 56, 105, 40, 6, 83, 77, 88, 39, 13, 2, 147, 121, 144, 33, 148, 66, 19, 125, 109, 3, 60, 143, 107, 5, 1, 82, 17, 90, 122, 136, 4, 134, 11, 103, 150, 52, 72, 110, 81, 25, 24, 149, 48, 86, 41, 43, 91, 75]","[3, 4, 5, 6, 15, 17, 24, 25, 26, 28, 33, 38, 39, 40, 41, 46, 60, 63, 75, 77, 78, 79, 82, 83, 86, 88, 90, 91, 92, 95, 103, 112, 114, 118, 121, 131, 134, 138, 144, 148, 149, 153]"
40,"[153, 125, 113, 46, 140, 33, 61, 157, 128, 67, 83, 123, 146, 54, 110, 22, 4, 155, 97, 36, 145, 150, 38, 87, 48, 24, 104, 136, 154, 50, 105, 156, 66, 99, 81, 32, 14, 138, 7, 27, 44, 144, 141, 121, 17, 119, 88, 49, 158, 30, 100, 29, 51, 63, 5, 70, 10, 149, 16, 137, 94, 106, 25, 34, 64, 43, 15, 132, 96, 151, 159, 98, 57, 71, 19, 101, 56, 72, 6, 20]","[26, 131, 48, 150, 103, 111, 114, 156, 153, 73, 157, 46, 71, 67, 124, 92, 21, 123, 55, 4, 35, 31, 140, 85, 116, 19, 37, 69, 93, 134, 50, 72, 158, 38, 81, 13, 106, 115, 2, 15, 148, 11, 66, 29, 84, 36, 39, 27, 149, 143, 24, 41, 118, 121, 139, 75, 17, 53, 80, 105, 129, 16, 49, 109, 57, 5, 82, 33, 95, 64, 61, 28, 18, 23, 56, 43, 47, 125, 86, 135]","[4, 5, 15, 16, 17, 19, 24, 27, 29, 33, 36, 38, 43, 46, 48, 49, 50, 56, 57, 61, 64, 66, 67, 71, 72, 81, 105, 106, 121, 123, 125, 140, 149, 150, 153, 156, 157, 158]"
41,"[144, 27, 36, 21, 91, 98, 158, 37, 7, 82, 38, 78, 2, 134, 96, 148, 115, 23, 133, 129, 69, 147, 35, 19, 63, 155, 123, 120, 3, 154, 77, 68, 109, 57, 151, 146, 64, 33, 108, 55, 95, 150, 116, 87, 48, 152, 9, 142, 111, 29, 66, 30, 32, 76, 89, 46, 137, 119, 13, 56, 42, 113, 50, 101, 61, 145, 97, 140, 93, 17, 53, 71, 41, 103, 73, 90, 62, 85, 138, 94]","[72, 149, 78, 60, 153, 20, 73, 30, 38, 111, 158, 2, 130, 42, 151, 71, 135, 10, 116, 50, 55, 61, 128, 91, 46, 131, 63, 23, 11, 45, 119, 96, 108, 134, 80, 57, 121, 27, 66, 125, 126, 13, 82, 88, 17, 39, 74, 127, 85, 21, 31, 49, 76, 145, 124, 40, 150, 105, 136, 79, 113, 52, 99, 41, 25, 132, 9, 19, 129, 152, 93, 16, 22, 103, 139, 47, 122, 92, 28, 14]","[2, 9, 13, 17, 19, 21, 23, 27, 30, 38, 41, 42, 46, 50, 55, 57, 61, 63, 66, 71, 73, 76, 78, 82, 85, 91, 93, 96, 103, 108, 111, 113, 116, 119, 129, 134, 145, 150, 151, 152, 158]"
42,"[8, 159, 84, 10, 30, 80, 132, 120, 28, 18, 148, 83, 78, 110, 77, 156, 0, 54, 114, 57, 27, 15, 141, 46, 150, 26, 115, 157, 112, 153, 70, 31, 95, 88, 100, 134, 81, 51, 128, 146, 75, 90, 67, 64, 68, 139, 62, 135, 19, 73, 4, 92, 144, 108, 25, 7, 105, 76, 12, 118, 91, 43, 40, 94, 103, 32, 3, 36, 60, 22, 143, 47, 125, 106, 1, 152, 2, 129, 41, 66]","[2, 134, 75, 142, 71, 51, 81, 50, 67, 141, 88, 93, 28, 56, 60, 10, 19, 66, 73, 25, 104, 47, 107, 42, 30, 0, 109, 156, 136, 151, 115, 121, 34, 117, 16, 70, 130, 100, 91, 80, 20, 5, 131, 13, 150, 119, 37, 68, 61, 96, 157, 153, 29, 138, 106, 11, 18, 27, 120, 144, 57, 49, 44, 31, 143, 36, 24, 52, 159, 48, 23, 54, 78, 129, 102, 79, 101, 103, 59, 35]","[0, 2, 10, 18, 19, 25, 27, 28, 30, 31, 36, 47, 51, 54, 57, 60, 66, 67, 68, 70, 73, 75, 78, 80, 81, 88, 91, 100, 103, 106, 115, 120, 129, 134, 141, 143, 144, 150, 153, 156, 157, 159]"
43,"[39, 141, 13, 34, 137, 134, 154, 12, 59, 138, 53, 159, 19, 90, 7, 27, 44, 43, 146, 118, 31, 99, 97, 82, 91, 144, 123, 73, 35, 8, 49, 98, 108, 72, 124, 32, 64, 121, 132, 131, 15, 14, 102, 149, 77, 143, 153, 111, 92, 68, 128, 10, 24, 110, 74, 83, 156, 142, 61, 36, 135, 47, 155, 42, 57, 113, 95, 140, 11, 20, 38, 105, 26, 88, 87, 75, 136, 147, 28, 21]","[127, 63, 125, 122, 14, 91, 104, 82, 121, 141, 84, 78, 52, 58, 69, 28, 43, 65, 111, 37, 95, 30, 158, 156, 44, 16, 23, 133, 92, 155, 126, 41, 46, 70, 151, 120, 57, 129, 102, 33, 72, 61, 35, 76, 83, 13, 146, 131, 142, 9, 53, 10, 48, 119, 32, 4, 159, 137, 29, 148, 105, 80, 74, 147, 75, 140, 31, 96, 98, 87, 132, 45, 18, 26, 94, 1, 114, 51, 49, 7]","[7, 10, 13, 14, 26, 28, 31, 32, 35, 43, 44, 49, 53, 57, 61, 72, 74, 75, 82, 83, 87, 91, 92, 95, 98, 102, 105, 111, 121, 131, 132, 137, 140, 141, 142, 146, 147, 155, 156, 159]"
44,"[63, 27, 96, 141, 10, 78, 17, 140, 130, 22, 64, 60, 146, 44, 13, 57, 117, 148, 143, 28, 50, 95, 80, 86, 134, 11, 77, 138, 93, 116, 62, 132, 145, 32, 91, 126, 6, 35, 113, 83, 129, 102, 99, 105, 66, 139, 149, 24, 150, 69, 23, 61, 157, 125, 33, 8, 111, 97, 14, 158, 152, 1, 38, 2, 20, 12, 79, 109, 29, 71, 131, 121, 136, 53, 112, 75, 26, 85, 76, 123]","[43, 138, 96, 142, 130, 155, 57, 137, 82, 107, 22, 90, 71, 116, 135, 115, 68, 105, 83, 30, 120, 126, 79, 158, 108, 3, 121, 31, 27, 159, 76, 17, 2, 85, 54, 35, 52, 50, 125, 92, 78, 15, 55, 77, 127, 5, 117, 70, 89, 150, 56, 154, 53, 11, 61, 102, 23, 69, 47, 143, 145, 109, 134, 7, 60, 122, 131, 10, 110, 12, 48, 101, 74, 34, 38, 36, 39, 63, 94, 113]","[2, 10, 11, 12, 17, 22, 23, 27, 35, 38, 50, 53, 57, 60, 61, 63, 69, 71, 76, 77, 78, 79, 83, 85, 96, 102, 105, 109, 113, 116, 117, 121, 125, 126, 130, 131, 134, 138, 143, 145, 150, 158]"
45,"[54, 112, 44, 17, 85, 77, 135, 37, 98, 150, 72, 88, 152, 141, 48, 39, 140, 29, 24, 68, 95, 97, 22, 45, 131, 50, 14, 5, 47, 145, 56, 134, 30, 148, 34, 33, 103, 121, 21, 115, 7, 99, 122, 64, 55, 113, 35, 125, 116, 129, 123, 133, 92, 2, 51, 69, 46, 84, 0, 93, 108, 36, 128, 18, 57, 87, 32, 62, 120, 138, 1, 15, 25, 66, 117, 59, 70, 71, 26, 80]","[112, 157, 17, 114, 80, 102, 154, 9, 133, 152, 143, 26, 92, 47, 129, 7, 68, 53, 4, 18, 41, 89, 30, 156, 11, 115, 13, 99, 131, 2, 107, 105, 16, 93, 116, 136, 126, 33, 118, 32, 66, 151, 64, 39, 137, 111, 121, 149, 34, 76, 94, 19, 106, 86, 135, 88, 98, 5, 27, 139, 95, 122, 56, 81, 82, 0, 71, 45, 75, 91, 103, 141, 134, 144, 74, 8, 46, 124, 100, 37]","[0, 2, 5, 7, 17, 18, 26, 30, 32, 33, 34, 37, 39, 45, 46, 47, 56, 64, 66, 68, 71, 80, 88, 92, 93, 95, 98, 99, 103, 112, 115, 116, 121, 122, 129, 131, 133, 134, 135, 141, 152]"
46,"[80, 97, 102, 9, 68, 85, 134, 108, 33, 20, 60, 43, 5, 31, 143, 15, 64, 109, 133, 147, 95, 2, 158, 114, 86, 42, 67, 23, 45, 28, 55, 145, 81, 121, 89, 70, 51, 19, 10, 71, 140, 142, 46, 7, 105, 30, 37, 120, 69, 154, 91, 132, 22, 130, 111, 16, 50, 129, 152, 1, 104, 49, 57, 122, 123, 98, 39, 36, 144, 128, 40, 75, 25, 66, 72, 56, 156, 29, 24, 65]","[26, 154, 159, 150, 14, 96, 16, 103, 121, 60, 74, 51, 6, 124, 34, 29, 90, 107, 149, 30, 153, 133, 36, 83, 40, 108, 38, 132, 22, 143, 80, 156, 85, 81, 7, 27, 147, 20, 146, 11, 49, 89, 114, 4, 3, 42, 2, 122, 127, 56, 66, 76, 10, 23, 19, 12, 135, 158, 21, 157, 120, 152, 84, 8, 17, 106, 50, 45, 123, 24, 131, 128, 35, 67, 55, 48, 64, 77, 59, 63]","[2, 7, 10, 16, 19, 20, 22, 23, 24, 29, 30, 36, 40, 42, 45, 49, 50, 51, 55, 56, 60, 64, 66, 67, 80, 81, 85, 89, 108, 114, 120, 121, 122, 123, 128, 132, 133, 143, 147, 152, 154, 156, 158]"
47,"[35, 113, 92, 15, 128, 43, 87, 40, 94, 135, 103, 158, 64, 65, 71, 126, 81, 105, 117, 62, 34, 10, 70, 86, 53, 30, 28, 146, 72, 136, 145, 54, 141, 112, 97, 24, 118, 153, 77, 84, 13, 108, 150, 127, 66, 157, 2, 114, 110, 31, 18, 120, 125, 100, 115, 20, 116, 11, 6, 148, 90, 51, 42, 156, 129, 142, 50, 80, 95, 121, 155, 76, 37, 7, 23, 122, 149, 101, 14, 1]","[131, 136, 111, 158, 64, 140, 7, 8, 94, 115, 104, 17, 33, 71, 117, 52, 38, 23, 65, 21, 129, 152, 149, 16, 74, 43, 153, 63, 32, 82, 132, 99, 68, 27, 40, 69, 6, 51, 76, 114, 20, 142, 50, 128, 144, 145, 60, 83, 59, 122, 127, 100, 80, 93, 73, 92, 146, 85, 137, 57, 31, 155, 41, 61, 134, 46, 28, 138, 159, 24, 97, 53, 86, 135, 120, 35, 11, 106, 42, 110]","[6, 7, 11, 20, 23, 24, 28, 31, 35, 40, 42, 43, 50, 51, 53, 64, 65, 71, 76, 80, 86, 92, 94, 97, 100, 110, 114, 115, 117, 120, 122, 127, 128, 129, 135, 136, 142, 145, 146, 149, 153, 155, 158]"
48,"[117, 38, 134, 40, 155, 13, 48, 14, 122, 139, 127, 18, 95, 142, 140, 51, 65, 92, 145, 105, 7, 131, 85, 86, 106, 114, 138, 75, 128, 25, 70, 6, 53, 42, 8, 0, 24, 159, 54, 135, 100, 102, 62, 29, 129, 59, 83, 116, 64, 34, 157, 77, 76, 104, 58, 110, 99, 148, 36, 94, 126, 88, 15, 101, 115, 113, 27, 47, 57, 153, 37, 81, 4, 98, 39, 111, 156, 118, 125, 52]","[65, 34, 139, 25, 134, 64, 9, 92, 144, 118, 66, 87, 50, 48, 2, 81, 6, 71, 12, 155, 130, 62, 91, 38, 10, 95, 129, 46, 35, 5, 154, 104, 142, 127, 132, 32, 158, 0, 57, 76, 107, 114, 120, 153, 55, 23, 117, 157, 141, 86, 124, 99, 152, 27, 30, 21, 105, 97, 70, 22, 16, 88, 47, 89, 45, 11, 43, 56, 3, 147, 26, 20, 128, 145, 13, 119, 49, 52, 131, 108]","[0, 6, 13, 25, 27, 34, 38, 47, 48, 52, 57, 62, 64, 65, 70, 76, 81, 86, 88, 92, 95, 99, 104, 105, 114, 117, 118, 127, 128, 129, 131, 134, 139, 142, 145, 153, 155, 157]"
49,"[18, 22, 109, 116, 52, 60, 123, 47, 12, 15, 53, 19, 87, 97, 122, 70, 26, 76, 5, 99, 24, 21, 141, 29, 130, 27, 74, 77, 92, 14, 91, 81, 136, 94, 78, 118, 61, 112, 36, 86, 90, 107, 98, 45, 33, 66, 153, 138, 134, 113, 35, 100, 10, 69, 48, 83, 131, 93, 8, 154, 59, 155, 88, 137, 143, 32, 63, 6, 4, 84, 3, 28, 120, 82, 151, 49, 50, 142, 17, 150]","[117, 122, 157, 147, 99, 74, 58, 8, 143, 104, 138, 18, 45, 1, 145, 106, 19, 27, 85, 32, 128, 11, 92, 36, 93, 21, 24, 152, 53, 33, 154, 0, 118, 39, 112, 90, 105, 120, 149, 10, 28, 13, 35, 84, 31, 95, 108, 103, 69, 127, 23, 119, 115, 66, 153, 22, 139, 100, 94, 47, 113, 86, 109, 57, 43, 136, 56, 146, 55, 142, 72, 34, 158, 134, 50, 116, 44, 156, 4, 80]","[4, 8, 10, 18, 19, 21, 22, 24, 27, 28, 32, 33, 35, 36, 45, 47, 50, 53, 66, 69, 74, 84, 86, 90, 92, 93, 94, 99, 100, 109, 112, 113, 116, 118, 120, 122, 134, 136, 138, 142, 143, 153, 154]"
50,"[67, 149, 60, 13, 9, 138, 23, 140, 116, 93, 31, 20, 56, 130, 70, 148, 136, 91, 158, 26, 108, 103, 99, 8, 33, 52, 54, 68, 36, 119, 82, 55, 51, 17, 77, 30, 7, 71, 153, 46, 14, 59, 81, 137, 79, 112, 141, 159, 76, 107, 120, 111, 157, 94, 84, 83, 115, 135, 98, 106, 129, 18, 49, 86, 61, 133, 50, 40, 53, 58, 123, 47, 4, 6, 101, 75, 64, 104, 42, 117]","[149, 137, 87, 63, 69, 1, 10, 110, 126, 46, 127, 66, 120, 90, 55, 34, 13, 83, 58, 14, 146, 139, 108, 152, 113, 45, 135, 28, 40, 4, 153, 16, 0, 51, 24, 60, 102, 109, 121, 159, 145, 117, 33, 114, 115, 82, 81, 125, 39, 123, 92, 6, 47, 2, 154, 7, 64, 50, 144, 44, 118, 8, 42, 43, 37, 3, 25, 141, 15, 57, 142, 94, 67, 101, 17, 29, 155, 130, 132, 65]","[4, 6, 7, 8, 13, 14, 17, 33, 40, 42, 46, 47, 50, 51, 55, 58, 60, 64, 67, 81, 82, 83, 94, 101, 108, 115, 117, 120, 123, 130, 135, 137, 141, 149, 153, 159]"
51,"[116, 2, 13, 109, 29, 61, 122, 127, 154, 151, 142, 139, 152, 107, 99, 80, 101, 100, 132, 136, 125, 48, 52, 18, 104, 24, 6, 114, 91, 112, 59, 130, 158, 73, 108, 54, 43, 129, 60, 74, 90, 141, 55, 62, 135, 15, 126, 41, 157, 93, 89, 87, 96, 88, 78, 26, 36, 42, 145, 121, 10, 71, 111, 77, 38, 159, 134, 103, 51, 34, 50, 57, 16, 31, 82, 20, 49, 92, 25, 35]","[127, 135, 16, 29, 61, 73, 81, 15, 132, 11, 13, 136, 32, 3, 151, 130, 117, 126, 131, 17, 155, 122, 143, 51, 88, 145, 21, 20, 94, 56, 69, 108, 92, 91, 142, 89, 71, 55, 153, 150, 33, 140, 18, 154, 66, 114, 82, 157, 62, 42, 85, 52, 64, 65, 25, 146, 138, 45, 147, 107, 38, 47, 39, 118, 98, 115, 113, 129, 2, 159, 99, 120, 105, 24, 0, 74, 111, 124, 97, 6]","[2, 6, 13, 15, 16, 18, 20, 24, 25, 29, 38, 42, 51, 52, 55, 61, 62, 71, 73, 74, 82, 88, 89, 91, 92, 99, 107, 108, 111, 114, 122, 126, 127, 129, 130, 132, 135, 136, 142, 145, 151, 154, 157, 159]"
52,"[97, 92, 115, 130, 42, 40, 105, 19, 157, 120, 151, 158, 49, 50, 77, 46, 10, 80, 132, 66, 59, 139, 54, 8, 154, 131, 56, 107, 100, 6, 18, 2, 9, 127, 141, 41, 94, 88, 118, 28, 143, 148, 113, 122, 90, 12, 134, 78, 44, 144, 43, 126, 133, 96, 85, 13, 17, 89, 140, 61, 23, 33, 136, 145, 25, 76, 51, 24, 67, 135, 31, 16, 153, 38, 119, 142, 123, 62, 5, 45]","[95, 142, 40, 88, 119, 22, 45, 138, 53, 70, 126, 4, 90, 21, 31, 144, 157, 127, 131, 39, 23, 66, 132, 34, 128, 65, 49, 7, 78, 152, 156, 123, 55, 0, 92, 143, 17, 113, 67, 36, 25, 9, 3, 85, 98, 1, 118, 75, 149, 48, 100, 60, 8, 140, 110, 158, 97, 91, 77, 5, 159, 32, 148, 112, 11, 116, 6, 80, 72, 50, 125, 51, 121, 47, 76, 111, 68, 28, 24, 137]","[5, 6, 8, 9, 17, 23, 24, 25, 28, 31, 40, 45, 49, 50, 51, 66, 67, 76, 77, 78, 80, 85, 88, 90, 92, 97, 100, 113, 118, 119, 123, 126, 127, 131, 132, 140, 142, 143, 144, 148, 157, 158]"
53,"[6, 136, 4, 26, 59, 157, 91, 41, 31, 112, 109, 50, 125, 28, 49, 15, 147, 10, 33, 54, 150, 159, 68, 13, 107, 16, 22, 140, 81, 27, 137, 76, 133, 47, 134, 119, 141, 45, 158, 103, 43, 123, 121, 39, 116, 46, 118, 18, 1, 128, 143, 52, 154, 124, 148, 66, 98, 61, 21, 104, 40, 113, 83, 69, 115, 72, 78, 56, 95, 14, 127, 5, 57, 117, 92, 48, 129, 2, 23, 80]","[70, 118, 79, 38, 4, 132, 40, 140, 5, 120, 100, 23, 130, 105, 78, 72, 159, 27, 142, 77, 119, 3, 102, 64, 37, 60, 47, 112, 86, 57, 69, 73, 135, 125, 122, 145, 0, 99, 6, 83, 9, 22, 129, 156, 93, 52, 123, 128, 25, 133, 29, 141, 46, 109, 85, 35, 59, 15, 103, 1, 63, 139, 155, 80, 41, 54, 94, 152, 8, 158, 117, 116, 58, 50, 67, 32, 26, 42, 53, 65]","[1, 4, 5, 6, 15, 22, 23, 26, 27, 40, 41, 46, 47, 50, 52, 54, 57, 59, 69, 72, 78, 80, 83, 103, 109, 112, 116, 117, 118, 119, 123, 125, 128, 129, 133, 140, 141, 158, 159]"
54,"[32, 87, 51, 15, 96, 98, 68, 121, 142, 60, 44, 112, 56, 69, 73, 7, 105, 115, 140, 66, 116, 77, 0, 53, 107, 70, 57, 45, 94, 126, 101, 55, 123, 29, 97, 148, 27, 48, 67, 3, 26, 92, 43, 71, 100, 65, 86, 34, 89, 72, 99, 93, 110, 19, 127, 78, 4, 141, 151, 119, 102, 85, 47, 36, 157, 24, 91, 13, 152, 11, 20, 95, 38, 10, 54, 150, 12, 124, 156, 122]","[63, 117, 26, 54, 158, 12, 34, 33, 19, 38, 141, 147, 64, 126, 50, 102, 61, 60, 96, 41, 127, 6, 90, 142, 58, 7, 16, 40, 106, 4, 153, 149, 119, 55, 27, 75, 23, 109, 78, 151, 3, 22, 157, 2, 43, 121, 35, 89, 144, 76, 66, 11, 146, 74, 97, 87, 111, 1, 21, 44, 135, 8, 122, 72, 125, 18, 131, 128, 95, 148, 82, 56, 20, 5, 73, 69, 53, 24, 36, 46]","[3, 4, 7, 11, 12, 19, 20, 24, 26, 27, 34, 36, 38, 43, 44, 53, 54, 55, 56, 60, 66, 69, 72, 73, 78, 87, 89, 95, 96, 97, 102, 119, 121, 122, 126, 127, 141, 142, 148, 151, 157]"
55,"[102, 107, 33, 139, 159, 86, 54, 21, 141, 134, 73, 41, 115, 79, 137, 103, 145, 112, 58, 111, 114, 147, 3, 128, 23, 50, 9, 25, 148, 14, 2, 118, 101, 93, 138, 43, 80, 42, 55, 140, 76, 113, 78, 156, 94, 12, 40, 61, 95, 27, 17, 109, 116, 104, 36, 24, 0, 132, 63, 131, 144, 97, 15, 150, 127, 157, 6, 149, 125, 81, 99, 56, 52, 35, 70, 72, 154, 87, 11, 57]","[91, 145, 79, 96, 98, 138, 33, 39, 132, 53, 25, 2, 137, 80, 101, 121, 125, 85, 66, 159, 155, 152, 151, 27, 45, 41, 90, 21, 112, 22, 94, 84, 149, 93, 49, 108, 87, 18, 110, 136, 123, 153, 12, 42, 117, 71, 46, 81, 141, 104, 10, 105, 143, 34, 134, 109, 64, 63, 135, 61, 128, 73, 43, 158, 15, 148, 146, 111, 129, 67, 58, 20, 13, 14, 19, 35, 38, 7, 52, 89]","[2, 12, 14, 15, 21, 25, 27, 33, 35, 41, 42, 43, 52, 58, 61, 63, 73, 79, 80, 81, 87, 93, 94, 101, 104, 109, 111, 112, 125, 128, 132, 134, 137, 138, 141, 145, 148, 149, 159]"
56,"[73, 136, 8, 76, 93, 111, 40, 132, 117, 78, 69, 80, 126, 20, 144, 84, 26, 152, 11, 25, 87, 103, 55, 114, 130, 41, 106, 139, 72, 90, 113, 64, 102, 147, 66, 157, 7, 124, 38, 82, 5, 65, 159, 137, 47, 125, 143, 135, 59, 133, 33, 88, 3, 120, 63, 98, 142, 43, 67, 155, 30, 92, 156, 123, 12, 94, 146, 122, 53, 2, 154, 16, 31, 58, 14, 35, 138, 99, 95, 68]","[134, 84, 150, 64, 56, 96, 88, 142, 138, 25, 159, 80, 89, 7, 99, 34, 13, 103, 102, 47, 43, 133, 10, 15, 108, 110, 158, 50, 130, 31, 26, 147, 145, 19, 53, 101, 144, 3, 11, 79, 118, 107, 12, 131, 5, 114, 44, 72, 35, 111, 109, 22, 0, 135, 117, 155, 95, 85, 137, 76, 29, 66, 4, 105, 74, 157, 28, 63, 86, 57, 148, 16, 59, 124, 90, 58, 106, 132, 77, 30]","[3, 5, 7, 11, 12, 16, 25, 26, 30, 31, 35, 43, 47, 53, 58, 59, 63, 64, 66, 72, 76, 80, 84, 88, 90, 95, 99, 102, 103, 106, 111, 114, 117, 124, 130, 132, 133, 135, 137, 138, 142, 144, 147, 155, 157, 159]"
57,"[119, 88, 138, 10, 28, 34, 114, 52, 145, 120, 103, 142, 74, 1, 46, 65, 19, 111, 128, 42, 14, 0, 2, 24, 81, 31, 51, 16, 113, 133, 26, 77, 85, 58, 86, 47, 40, 112, 84, 5, 91, 150, 60, 106, 43, 122, 104, 55, 143, 157, 9, 115, 7, 30, 92, 134, 137, 87, 97, 130, 123, 25, 147, 107, 126, 15, 83, 61, 21, 23, 68, 72, 141, 117, 80, 76, 18, 149, 13, 146]","[20, 80, 43, 89, 30, 71, 112, 136, 65, 68, 11, 55, 17, 74, 16, 57, 116, 153, 77, 0, 34, 102, 144, 138, 133, 115, 130, 84, 95, 58, 143, 152, 114, 1, 125, 108, 23, 42, 129, 52, 49, 85, 37, 82, 107, 67, 50, 59, 123, 2, 121, 88, 44, 18, 9, 98, 54, 60, 79, 127, 35, 106, 91, 158, 156, 72, 155, 103, 38, 21, 147, 73, 159, 10, 4, 45, 61, 94, 110, 8]","[0, 1, 2, 9, 10, 16, 18, 21, 23, 30, 34, 42, 43, 52, 55, 58, 60, 61, 65, 68, 72, 74, 77, 80, 84, 85, 88, 91, 103, 106, 107, 112, 114, 115, 123, 130, 133, 138, 143, 147]"
58,"[102, 159, 23, 34, 46, 86, 75, 4, 37, 36, 18, 24, 42, 158, 1, 123, 30, 19, 91, 107, 57, 62, 29, 20, 148, 127, 74, 63, 10, 51, 79, 25, 105, 119, 98, 68, 140, 90, 81, 41, 12, 0, 109, 121, 137, 156, 39, 88, 47, 76, 48, 122, 50, 125, 155, 2, 55, 85, 72, 153, 113, 52, 27, 58, 38, 115, 99, 149, 83, 31, 152, 54, 145, 73, 154, 16, 43, 128, 64, 132]","[144, 132, 10, 145, 104, 97, 141, 92, 95, 113, 99, 74, 154, 117, 93, 22, 136, 77, 143, 129, 31, 149, 69, 127, 101, 158, 3, 121, 112, 131, 148, 100, 122, 49, 108, 2, 147, 125, 62, 146, 24, 8, 38, 37, 96, 16, 68, 135, 40, 87, 114, 134, 94, 39, 126, 47, 36, 11, 4, 60, 13, 54, 9, 118, 150, 21, 157, 12, 83, 124, 133, 34, 35, 15, 123, 81, 103, 116, 119, 41]","[2, 4, 10, 12, 16, 24, 31, 34, 36, 37, 38, 39, 41, 47, 54, 62, 68, 74, 81, 83, 99, 113, 119, 121, 122, 123, 125, 127, 132, 145, 148, 149, 154, 158]"
59,"[150, 67, 82, 30, 52, 101, 60, 128, 92, 114, 59, 119, 36, 29, 144, 137, 4, 68, 50, 95, 122, 115, 149, 75, 0, 89, 10, 127, 159, 147, 102, 31, 91, 84, 123, 145, 64, 53, 106, 99, 17, 23, 98, 118, 125, 93, 1, 111, 120, 55, 100, 126, 49, 83, 90, 2, 45, 105, 8, 66, 72, 142, 27, 117, 41, 140, 155, 151, 77, 138, 25, 129, 22, 32, 108, 44, 157, 14, 139, 103]","[131, 64, 117, 140, 105, 70, 8, 30, 57, 46, 52, 67, 157, 71, 156, 51, 109, 22, 119, 141, 90, 31, 15, 9, 151, 122, 60, 35, 136, 27, 16, 20, 97, 48, 23, 66, 81, 133, 143, 91, 41, 152, 54, 121, 84, 49, 21, 73, 2, 55, 150, 127, 10, 72, 148, 144, 139, 134, 5, 129, 47, 113, 6, 53, 4, 68, 3, 120, 32, 153, 1, 14, 118, 132, 33, 98, 18, 125, 29, 149]","[1, 2, 4, 8, 10, 14, 22, 23, 27, 29, 30, 31, 32, 41, 49, 52, 53, 55, 60, 64, 66, 67, 68, 72, 84, 90, 91, 98, 105, 117, 118, 119, 120, 122, 125, 127, 129, 139, 140, 144, 149, 150, 151, 157]"
60,"[25, 135, 115, 59, 79, 21, 97, 119, 151, 40, 157, 139, 103, 29, 47, 31, 96, 44, 48, 137, 104, 111, 45, 4, 156, 55, 30, 51, 146, 20, 74, 121, 15, 145, 65, 126, 112, 61, 67, 153, 41, 85, 131, 117, 12, 100, 69, 63, 64, 155, 122, 125, 70, 106, 143, 14, 110, 24, 1, 49, 81, 84, 9, 11, 50, 152, 57, 149, 107, 92, 73, 76, 27, 66, 52, 37, 6, 109, 120, 0]","[78, 42, 8, 24, 91, 114, 153, 39, 21, 121, 69, 43, 68, 140, 45, 108, 134, 80, 147, 139, 48, 110, 32, 53, 15, 155, 95, 2, 79, 51, 60, 50, 22, 138, 133, 11, 107, 118, 96, 81, 46, 145, 142, 23, 1, 156, 56, 16, 70, 37, 63, 73, 146, 59, 75, 7, 62, 0, 84, 104, 10, 25, 131, 117, 13, 111, 12, 28, 90, 135, 113, 77, 93, 18, 33, 130, 100, 83, 141, 103]","[0, 1, 11, 12, 15, 21, 24, 25, 37, 45, 48, 50, 51, 59, 63, 69, 70, 73, 79, 81, 84, 96, 100, 103, 104, 107, 110, 111, 117, 121, 131, 135, 139, 145, 146, 153, 155, 156]"
61,"[105, 36, 77, 151, 130, 62, 32, 121, 106, 98, 14, 54, 0, 3, 122, 149, 136, 50, 75, 138, 154, 21, 158, 119, 118, 18, 30, 63, 2, 94, 23, 73, 124, 86, 49, 127, 35, 42, 37, 137, 51, 10, 112, 33, 12, 126, 142, 144, 93, 108, 143, 145, 71, 56, 85, 7, 92, 99, 70, 152, 96, 78, 20, 53, 156, 82, 15, 26, 155, 83, 28, 140, 91, 44, 133, 97, 22, 89, 60, 55]","[143, 152, 73, 153, 159, 48, 20, 151, 104, 126, 46, 109, 28, 74, 76, 118, 125, 39, 101, 107, 85, 32, 117, 131, 86, 77, 114, 155, 108, 9, 121, 111, 3, 4, 29, 10, 41, 129, 94, 146, 112, 80, 68, 154, 38, 96, 1, 16, 13, 100, 45, 141, 15, 139, 82, 145, 149, 63, 132, 88, 5, 52, 59, 156, 150, 26, 89, 122, 25, 55, 116, 135, 30, 119, 61, 17, 69, 47, 75, 87]","[3, 10, 15, 20, 26, 28, 30, 32, 55, 63, 73, 75, 77, 82, 85, 86, 89, 94, 96, 108, 112, 118, 119, 121, 122, 126, 143, 145, 149, 151, 152, 154, 155, 156]"
62,"[120, 108, 66, 75, 84, 106, 138, 148, 137, 145, 93, 143, 114, 98, 111, 123, 146, 147, 128, 54, 125, 100, 159, 65, 124, 3, 105, 116, 126, 44, 33, 112, 55, 157, 37, 72, 127, 131, 34, 35, 53, 42, 18, 21, 87, 16, 43, 50, 40, 154, 86, 47, 113, 110, 115, 79, 102, 17, 68, 39, 12, 36, 91, 70, 41, 59, 7, 151, 142, 80, 83, 140, 60, 38, 5, 118, 81, 28, 107, 129]","[100, 36, 82, 122, 25, 13, 52, 11, 35, 106, 71, 102, 4, 48, 54, 107, 6, 79, 118, 148, 129, 127, 65, 30, 3, 10, 113, 61, 147, 53, 50, 37, 135, 131, 21, 133, 150, 143, 14, 43, 18, 145, 93, 97, 132, 141, 38, 28, 92, 117, 146, 47, 45, 96, 149, 101, 66, 99, 73, 152, 159, 8, 115, 44, 15, 89, 17, 49, 19, 124, 60, 23, 29, 9, 114, 104, 74, 142, 112, 94]","[3, 17, 18, 21, 28, 35, 36, 37, 38, 43, 44, 47, 50, 53, 54, 60, 65, 66, 79, 93, 100, 102, 106, 107, 112, 113, 114, 115, 118, 124, 127, 129, 131, 142, 143, 145, 146, 147, 148, 159]"
63,"[143, 5, 138, 82, 97, 6, 151, 52, 3, 22, 126, 89, 44, 17, 74, 25, 41, 7, 57, 12, 56, 154, 59, 68, 75, 128, 144, 71, 81, 93, 51, 155, 10, 119, 92, 146, 45, 73, 88, 49, 135, 131, 148, 15, 85, 43, 77, 55, 100, 42, 29, 106, 63, 156, 127, 145, 11, 103, 76, 105, 33, 120, 124, 101, 8, 153, 117, 9, 4, 50, 58, 98, 0, 84, 27, 158, 139, 134, 147, 142]","[100, 144, 53, 72, 37, 6, 29, 150, 140, 86, 23, 131, 10, 110, 69, 34, 146, 149, 17, 157, 61, 95, 126, 132, 62, 70, 138, 122, 107, 139, 11, 103, 9, 58, 159, 38, 155, 39, 102, 59, 154, 113, 96, 142, 5, 111, 36, 81, 55, 121, 85, 18, 71, 50, 104, 106, 143, 134, 20, 82, 68, 145, 151, 99, 44, 46, 123, 80, 152, 21, 88, 128, 92, 22, 14, 94, 13, 4, 112, 1]","[4, 5, 6, 9, 10, 11, 17, 22, 29, 44, 50, 55, 58, 59, 68, 71, 81, 82, 85, 88, 92, 100, 103, 106, 126, 128, 131, 134, 138, 139, 142, 143, 144, 145, 146, 151, 154, 155]"
64,"[66, 13, 156, 84, 136, 159, 144, 121, 80, 130, 145, 31, 128, 26, 46, 129, 43, 12, 24, 23, 155, 150, 22, 85, 8, 131, 67, 124, 28, 140, 15, 60, 21, 95, 147, 112, 127, 29, 41, 132, 81, 93, 72, 76, 5, 122, 74, 146, 2, 65, 116, 1, 96, 52, 102, 137, 104, 0, 36, 83, 98, 143, 153, 91, 48, 126, 9, 101, 100, 90, 4, 78, 111, 75, 37, 17, 20, 103, 149, 54]","[79, 97, 86, 110, 6, 50, 94, 52, 122, 21, 130, 31, 72, 76, 124, 117, 20, 132, 157, 46, 70, 2, 42, 54, 67, 0, 49, 8, 154, 41, 51, 17, 29, 35, 100, 36, 11, 74, 146, 10, 45, 56, 48, 4, 121, 108, 151, 105, 58, 71, 9, 115, 118, 129, 147, 87, 96, 83, 23, 25, 57, 112, 159, 47, 53, 137, 7, 22, 127, 138, 134, 150, 39, 69, 88, 135, 3, 123, 27, 125]","[0, 2, 4, 8, 9, 17, 20, 21, 22, 23, 29, 31, 36, 41, 46, 48, 52, 54, 67, 72, 74, 76, 83, 96, 100, 112, 121, 122, 124, 127, 129, 130, 132, 137, 146, 147, 150, 159]"
65,"[92, 22, 50, 144, 133, 111, 72, 143, 91, 82, 159, 130, 32, 59, 79, 47, 83, 4, 67, 21, 41, 124, 14, 28, 60, 132, 146, 2, 108, 66, 38, 35, 3, 69, 65, 29, 140, 51, 5, 78, 10, 13, 125, 11, 128, 106, 109, 98, 1, 138, 7, 63, 81, 70, 19, 134, 115, 151, 158, 40, 74, 43, 136, 27, 102, 36, 114, 156, 142, 113, 120, 54, 57, 154, 118, 86, 15, 131, 116, 64]","[91, 155, 8, 143, 96, 150, 36, 78, 34, 133, 59, 49, 28, 1, 72, 16, 145, 42, 83, 25, 113, 87, 46, 10, 151, 79, 156, 65, 37, 117, 67, 6, 29, 26, 64, 62, 4, 122, 48, 119, 103, 76, 17, 15, 128, 18, 7, 111, 138, 147, 93, 132, 44, 51, 82, 116, 77, 2, 107, 146, 24, 124, 98, 35, 11, 129, 31, 80, 40, 140, 109, 14, 45, 123, 47, 137, 118, 139, 13, 53]","[1, 2, 4, 7, 10, 11, 13, 14, 15, 28, 29, 35, 36, 40, 47, 51, 59, 64, 65, 67, 72, 78, 79, 82, 83, 91, 98, 109, 111, 113, 116, 118, 124, 128, 132, 133, 138, 140, 143, 146, 151, 156]"
66,"[90, 60, 92, 43, 72, 49, 93, 83, 95, 120, 28, 29, 61, 137, 143, 97, 155, 3, 8, 59, 149, 142, 23, 25, 2, 106, 84, 66, 108, 156, 33, 139, 52, 47, 35, 48, 75, 109, 125, 65, 82, 140, 13, 144, 117, 14, 150, 16, 87, 51, 34, 41, 44, 26, 146, 81, 24, 54, 62, 135, 9, 53, 94, 153, 79, 67, 147, 101, 58, 158, 4, 134, 70, 17, 36, 99, 11, 19, 15, 31]","[108, 69, 104, 52, 88, 89, 0, 147, 154, 100, 110, 77, 29, 56, 156, 37, 59, 80, 133, 74, 67, 141, 47, 34, 126, 128, 28, 83, 78, 9, 75, 112, 71, 150, 17, 6, 11, 46, 152, 130, 117, 14, 66, 102, 127, 42, 90, 24, 23, 125, 35, 137, 96, 131, 61, 62, 49, 72, 144, 82, 73, 159, 65, 85, 38, 19, 44, 118, 87, 95, 20, 33, 135, 60, 103, 136, 97, 79, 26, 121]","[9, 11, 14, 17, 19, 23, 24, 26, 28, 29, 33, 34, 35, 44, 47, 49, 52, 59, 60, 61, 62, 65, 66, 67, 72, 75, 79, 82, 83, 87, 90, 95, 97, 108, 117, 125, 135, 137, 144, 147, 150, 156]"
67,"[110, 40, 140, 79, 11, 134, 136, 100, 111, 34, 112, 74, 33, 108, 72, 7, 94, 50, 127, 38, 36, 32, 43, 9, 152, 61, 62, 53, 46, 87, 123, 102, 45, 104, 13, 69, 138, 60, 56, 5, 0, 35, 133, 117, 4, 39, 73, 80, 27, 84, 23, 77, 17, 2, 65, 158, 150, 122, 67, 63, 29, 70, 16, 143, 44, 31, 142, 121, 90, 51, 47, 147, 49, 96, 25, 98, 153, 85, 8, 99]","[148, 33, 30, 27, 82, 140, 121, 102, 14, 156, 35, 64, 19, 112, 66, 41, 12, 88, 86, 44, 119, 7, 32, 154, 70, 0, 60, 108, 136, 131, 100, 8, 146, 58, 117, 85, 147, 21, 111, 72, 133, 96, 81, 54, 50, 115, 158, 159, 4, 142, 48, 107, 128, 9, 56, 90, 92, 11, 43, 104, 26, 55, 42, 10, 37, 39, 38, 57, 113, 5, 45, 116, 24, 123, 47, 76, 52, 99, 149, 125]","[0, 4, 5, 7, 8, 9, 11, 27, 32, 33, 35, 38, 39, 43, 44, 45, 47, 50, 56, 60, 70, 72, 85, 90, 96, 99, 100, 102, 104, 108, 111, 112, 117, 121, 123, 133, 136, 140, 142, 147, 158]"
68,"[9, 125, 14, 126, 104, 48, 60, 83, 113, 37, 35, 16, 44, 148, 4, 3, 109, 114, 152, 137, 73, 142, 101, 102, 151, 140, 147, 110, 36, 29, 81, 128, 67, 57, 1, 32, 63, 85, 136, 23, 68, 38, 149, 77, 56, 115, 131, 51, 117, 7, 132, 43, 93, 53, 21, 123, 8, 112, 158, 92, 71, 122, 65, 134, 61, 66, 34, 45, 135, 47, 127, 26, 0, 19, 120, 100, 10, 141, 2, 98]","[58, 75, 23, 142, 115, 107, 57, 144, 147, 146, 55, 132, 136, 114, 45, 8, 127, 102, 93, 108, 84, 99, 98, 9, 26, 49, 149, 70, 155, 50, 83, 46, 154, 28, 87, 88, 1, 16, 150, 109, 101, 95, 91, 153, 69, 123, 134, 68, 122, 152, 130, 105, 30, 44, 140, 47, 76, 42, 52, 25, 113, 94, 40, 36, 90, 0, 92, 96, 60, 97, 156, 38, 24, 65, 77, 13, 15, 148, 56, 54]","[0, 1, 8, 9, 16, 23, 26, 36, 38, 44, 45, 47, 56, 57, 60, 65, 68, 77, 83, 92, 93, 98, 101, 102, 109, 113, 114, 115, 122, 123, 127, 132, 134, 136, 140, 142, 147, 148, 149, 152]"
69,"[16, 44, 145, 69, 45, 11, 10, 18, 82, 32, 28, 58, 138, 104, 39, 155, 124, 50, 127, 24, 130, 3, 94, 60, 6, 31, 149, 21, 120, 41, 35, 154, 136, 158, 72, 12, 93, 153, 92, 47, 159, 34, 49, 141, 108, 115, 140, 70, 55, 61, 59, 122, 128, 131, 96, 100, 148, 36, 8, 85, 118, 123, 9, 74, 42, 81, 98, 40, 107, 125, 15, 157, 78, 133, 2, 26, 23, 63, 147, 137]","[118, 15, 137, 133, 117, 99, 34, 78, 100, 109, 21, 146, 17, 84, 150, 107, 81, 136, 48, 19, 60, 135, 108, 111, 53, 55, 75, 144, 92, 121, 114, 3, 96, 36, 79, 22, 154, 130, 126, 105, 152, 138, 29, 65, 159, 122, 132, 142, 91, 43, 97, 42, 116, 147, 7, 90, 56, 6, 14, 71, 68, 128, 125, 104, 5, 93, 11, 24, 145, 115, 86, 61, 149, 30, 72, 33, 31, 28, 157, 98]","[3, 6, 11, 15, 21, 24, 28, 31, 34, 36, 42, 55, 60, 61, 72, 78, 81, 92, 93, 96, 98, 100, 104, 107, 108, 115, 118, 122, 125, 128, 130, 133, 136, 137, 138, 145, 147, 149, 154, 157, 159]"
70,"[14, 27, 52, 150, 22, 92, 61, 59, 89, 73, 12, 58, 98, 91, 135, 53, 46, 57, 39, 33, 134, 95, 94, 145, 66, 54, 86, 128, 62, 34, 159, 113, 49, 119, 110, 74, 84, 76, 153, 147, 65, 32, 81, 151, 104, 70, 149, 83, 142, 141, 55, 40, 109, 37, 96, 77, 123, 63, 50, 146, 35, 36, 115, 127, 102, 26, 99, 105, 144, 23, 15, 67, 137, 131, 75, 45, 120, 136, 8, 80]","[31, 13, 115, 154, 125, 110, 65, 123, 159, 48, 29, 71, 56, 134, 101, 55, 58, 99, 61, 43, 59, 84, 77, 42, 49, 126, 121, 158, 96, 102, 81, 119, 137, 130, 107, 89, 52, 149, 50, 85, 47, 133, 156, 74, 152, 97, 83, 0, 87, 73, 135, 112, 14, 92, 63, 54, 27, 118, 7, 22, 80, 46, 38, 144, 17, 105, 16, 142, 140, 93, 120, 82, 100, 131, 32, 3, 145, 68, 44, 15]","[14, 15, 22, 27, 32, 46, 49, 50, 52, 54, 55, 58, 59, 61, 63, 65, 73, 74, 77, 80, 81, 83, 84, 89, 92, 96, 99, 102, 105, 110, 115, 119, 120, 123, 131, 134, 135, 137, 142, 144, 145, 149, 159]"
71,"[156, 153, 134, 120, 42, 55, 107, 145, 150, 139, 15, 64, 102, 52, 103, 80, 2, 69, 98, 48, 147, 8, 132, 40, 4, 39, 146, 124, 63, 79, 6, 30, 130, 36, 54, 1, 26, 50, 82, 14, 93, 157, 75, 115, 137, 99, 27, 35, 57, 0, 5, 116, 155, 154, 95, 85, 91, 23, 41, 58, 143, 125, 127, 159, 49, 128, 92, 148, 29, 84, 117, 24, 76, 17, 149, 87, 138, 51, 108, 34]","[134, 65, 77, 117, 61, 28, 156, 125, 7, 66, 0, 121, 142, 126, 93, 96, 3, 114, 52, 82, 70, 157, 143, 40, 110, 60, 102, 99, 91, 48, 21, 127, 147, 78, 5, 51, 95, 87, 122, 84, 97, 22, 88, 155, 90, 45, 46, 39, 29, 36, 116, 132, 47, 1, 44, 100, 141, 98, 103, 136, 9, 75, 33, 119, 19, 50, 94, 135, 83, 26, 38, 159, 23, 13, 34, 53, 146, 30, 105, 144]","[0, 1, 5, 23, 26, 29, 30, 34, 36, 39, 40, 48, 50, 51, 52, 75, 82, 84, 87, 91, 93, 95, 98, 99, 102, 103, 116, 117, 125, 127, 132, 134, 143, 146, 147, 155, 156, 157, 159]"
72,"[139, 134, 75, 78, 34, 144, 14, 141, 30, 131, 60, 44, 83, 87, 118, 100, 7, 113, 84, 106, 127, 52, 130, 97, 158, 81, 54, 49, 140, 146, 95, 108, 157, 21, 72, 126, 46, 116, 1, 19, 29, 119, 153, 53, 51, 151, 102, 82, 65, 42, 117, 32, 17, 92, 124, 114, 101, 25, 98, 8, 105, 68, 148, 154, 88, 112, 104, 57, 138, 48, 3, 90, 12, 4, 36, 152, 31, 66, 59, 70]","[138, 134, 103, 158, 124, 25, 144, 67, 36, 77, 114, 110, 38, 98, 73, 127, 52, 122, 61, 21, 149, 146, 113, 69, 75, 10, 130, 49, 99, 91, 50, 16, 156, 13, 72, 86, 129, 105, 80, 157, 136, 123, 151, 39, 20, 150, 74, 29, 1, 90, 8, 4, 132, 70, 24, 46, 131, 119, 17, 3, 32, 35, 87, 41, 55, 118, 108, 96, 0, 88, 120, 135, 143, 104, 30, 145, 48, 62, 137, 40]","[1, 3, 4, 8, 17, 21, 25, 29, 30, 32, 36, 46, 48, 49, 52, 70, 72, 75, 87, 88, 90, 98, 104, 105, 108, 113, 114, 118, 119, 124, 127, 130, 131, 134, 138, 144, 146, 151, 157, 158]"
73,"[38, 119, 111, 23, 146, 3, 67, 90, 40, 103, 4, 126, 21, 102, 94, 32, 57, 95, 141, 134, 120, 71, 69, 60, 53, 143, 80, 140, 49, 91, 37, 9, 109, 88, 50, 8, 142, 56, 64, 113, 131, 77, 39, 114, 29, 44, 76, 157, 149, 27, 52, 1, 12, 47, 130, 118, 108, 155, 136, 110, 66, 124, 22, 11, 63, 105, 41, 48, 75, 129, 115, 147, 148, 81, 33, 42, 7, 151, 55, 93]","[128, 23, 142, 77, 94, 7, 141, 52, 103, 14, 15, 69, 53, 127, 131, 155, 118, 87, 56, 143, 36, 83, 51, 152, 105, 46, 75, 12, 108, 33, 60, 30, 93, 71, 82, 139, 80, 72, 159, 3, 59, 86, 43, 114, 149, 90, 110, 67, 153, 151, 28, 106, 57, 97, 145, 133, 63, 129, 9, 121, 22, 120, 8, 99, 29, 19, 136, 58, 76, 132, 96, 144, 5, 48, 156, 1, 113, 111, 134, 34]","[1, 3, 7, 8, 9, 12, 22, 23, 29, 33, 48, 52, 53, 56, 57, 60, 63, 67, 69, 71, 75, 76, 77, 80, 90, 93, 94, 103, 105, 108, 110, 111, 113, 114, 118, 120, 129, 131, 134, 136, 141, 142, 143, 149, 151, 155]"
74,"[46, 9, 13, 2, 120, 130, 63, 48, 21, 133, 96, 4, 19, 128, 73, 139, 42, 33, 138, 113, 127, 39, 145, 58, 7, 65, 103, 5, 56, 102, 18, 112, 41, 115, 81, 111, 10, 69, 64, 95, 89, 88, 144, 114, 137, 129, 121, 93, 71, 22, 35, 61, 107, 27, 97, 86, 147, 78, 84, 126, 83, 34, 119, 116, 101, 154, 45, 82, 141, 142, 100, 14, 85, 16, 11, 122, 153, 3, 0, 31]","[103, 48, 8, 109, 148, 61, 135, 133, 51, 138, 120, 102, 80, 116, 14, 57, 126, 136, 11, 55, 74, 113, 117, 40, 58, 34, 89, 125, 86, 152, 82, 154, 73, 42, 45, 24, 27, 32, 137, 150, 15, 12, 158, 143, 54, 127, 98, 19, 66, 72, 141, 43, 18, 59, 85, 22, 41, 128, 124, 114, 144, 83, 52, 139, 132, 68, 145, 63, 4, 65, 119, 121, 56, 134, 95, 123, 21, 38, 33, 100]","[4, 11, 14, 18, 19, 21, 22, 27, 33, 34, 41, 42, 45, 48, 56, 58, 61, 63, 65, 73, 82, 83, 85, 86, 89, 95, 100, 102, 103, 113, 114, 116, 119, 120, 121, 126, 127, 128, 133, 137, 138, 139, 141, 144, 145, 154]"
75,"[143, 115, 32, 155, 0, 18, 110, 134, 64, 86, 67, 142, 137, 56, 138, 119, 19, 88, 116, 98, 63, 120, 21, 17, 87, 154, 129, 48, 65, 49, 70, 152, 149, 54, 61, 16, 75, 102, 9, 147, 34, 105, 133, 158, 159, 85, 84, 99, 20, 3, 103, 51, 80, 13, 96, 40, 135, 39, 59, 11, 157, 27, 50, 140, 146, 24, 36, 136, 126, 25, 81, 95, 66, 77, 38, 46, 5, 1, 30, 10]","[39, 149, 96, 43, 62, 66, 102, 31, 55, 60, 14, 45, 119, 101, 73, 97, 132, 58, 108, 91, 88, 89, 136, 86, 67, 87, 94, 42, 131, 63, 127, 53, 151, 123, 4, 120, 9, 155, 98, 77, 124, 107, 18, 158, 48, 70, 21, 74, 75, 110, 6, 59, 150, 81, 79, 49, 105, 46, 68, 23, 12, 30, 24, 2, 104, 145, 5, 65, 50, 142, 128, 111, 100, 143, 34, 114, 71, 122, 20, 92]","[5, 9, 18, 20, 21, 24, 30, 34, 39, 46, 48, 49, 50, 59, 63, 65, 66, 67, 70, 75, 77, 81, 86, 87, 88, 96, 98, 102, 105, 110, 119, 120, 136, 142, 143, 149, 155, 158]"
76,"[73, 144, 140, 57, 40, 108, 106, 99, 89, 158, 126, 90, 132, 153, 70, 107, 112, 123, 69, 94, 2, 115, 53, 43, 80, 101, 96, 122, 77, 71, 100, 120, 151, 121, 59, 66, 87, 92, 154, 104, 26, 1, 54, 5, 142, 117, 86, 38, 10, 159, 12, 97, 103, 93, 136, 48, 27, 22, 55, 95, 47, 28, 145, 58, 113, 114, 134, 75, 138, 23, 44, 111, 36, 82, 35, 137, 124, 74, 85, 9]","[45, 28, 59, 128, 67, 68, 126, 62, 142, 106, 37, 127, 4, 32, 101, 137, 145, 75, 100, 118, 120, 122, 134, 11, 74, 132, 16, 147, 30, 114, 48, 9, 17, 34, 119, 83, 22, 50, 19, 108, 139, 104, 73, 43, 71, 72, 15, 159, 93, 27, 129, 2, 141, 90, 112, 146, 91, 69, 99, 7, 113, 56, 20, 51, 102, 87, 46, 94, 10, 130, 55, 31, 133, 156, 157, 131, 138, 95, 150, 60]","[2, 9, 10, 22, 27, 28, 43, 48, 55, 59, 69, 71, 73, 74, 75, 87, 90, 93, 94, 95, 99, 100, 101, 104, 106, 108, 112, 113, 114, 120, 122, 126, 132, 134, 137, 138, 142, 145, 159]"
77,"[29, 33, 9, 64, 24, 68, 109, 65, 27, 61, 132, 69, 46, 25, 122, 12, 117, 7, 124, 57, 114, 118, 159, 20, 76, 98, 40, 34, 140, 150, 55, 8, 58, 144, 97, 32, 47, 147, 59, 23, 3, 41, 1, 43, 94, 112, 154, 89, 54, 153, 11, 19, 146, 111, 103, 66, 42, 125, 35, 129, 123, 5, 21, 133, 145, 99, 152, 104, 83, 39, 15, 136, 14, 105, 151, 127, 74, 100, 85, 128]","[32, 107, 69, 84, 110, 12, 142, 68, 36, 156, 2, 155, 128, 24, 19, 102, 124, 121, 111, 113, 95, 150, 78, 0, 47, 29, 76, 83, 120, 9, 77, 33, 136, 14, 39, 63, 140, 82, 74, 55, 115, 20, 53, 4, 15, 79, 54, 21, 127, 86, 80, 143, 58, 10, 149, 145, 45, 71, 94, 135, 144, 87, 81, 5, 3, 114, 73, 91, 1, 67, 27, 118, 159, 106, 16, 151, 50, 134, 132, 59]","[1, 3, 5, 9, 12, 14, 15, 19, 20, 21, 24, 27, 29, 32, 33, 39, 47, 54, 55, 58, 59, 68, 69, 74, 76, 83, 94, 111, 114, 118, 124, 127, 128, 132, 136, 140, 144, 145, 150, 151, 159]"
78,"[132, 21, 128, 39, 69, 141, 117, 97, 154, 20, 79, 86, 149, 1, 111, 60, 3, 58, 96, 119, 98, 59, 139, 100, 64, 31, 35, 23, 85, 4, 159, 68, 146, 43, 8, 110, 109, 135, 62, 5, 22, 148, 7, 90, 52, 6, 131, 66, 125, 92, 156, 101, 93, 76, 151, 88, 94, 50, 36, 15, 123, 143, 126, 84, 10, 107, 133, 9, 41, 44, 95, 19, 138, 11, 120, 75, 121, 12, 113, 122]","[46, 2, 63, 105, 23, 14, 95, 159, 125, 126, 110, 154, 143, 84, 121, 32, 10, 4, 57, 109, 93, 0, 62, 89, 77, 6, 85, 142, 7, 53, 132, 147, 130, 101, 30, 75, 113, 133, 112, 150, 54, 79, 71, 83, 67, 51, 28, 81, 107, 13, 55, 72, 153, 86, 138, 157, 52, 60, 56, 152, 155, 103, 17, 25, 82, 108, 24, 61, 37, 12, 9, 119, 115, 98, 117, 129, 102, 41, 135, 97]","[4, 6, 7, 9, 10, 12, 23, 41, 52, 60, 62, 75, 79, 84, 85, 86, 93, 95, 97, 98, 101, 107, 109, 110, 113, 117, 119, 121, 125, 126, 132, 133, 135, 138, 143, 154, 159]"
79,"[10, 59, 90, 104, 75, 66, 115, 123, 55, 76, 142, 102, 68, 121, 63, 93, 70, 7, 87, 126, 41, 146, 31, 65, 9, 150, 61, 38, 118, 32, 110, 44, 145, 19, 125, 64, 26, 22, 148, 67, 72, 82, 6, 2, 1, 86, 11, 85, 155, 57, 116, 101, 136, 98, 17, 28, 77, 74, 21, 56, 112, 108, 39, 71, 152, 35, 128, 117, 105, 14, 50, 24, 27, 109, 143, 151, 88, 96, 103, 157]","[121, 102, 104, 65, 92, 16, 12, 141, 153, 132, 127, 62, 91, 15, 158, 99, 110, 63, 20, 51, 152, 42, 26, 72, 73, 89, 103, 107, 69, 106, 117, 95, 159, 59, 23, 71, 38, 6, 74, 17, 4, 25, 138, 61, 85, 36, 3, 140, 125, 7, 31, 97, 8, 119, 54, 113, 109, 10, 129, 83, 112, 9, 145, 44, 86, 5, 22, 48, 58, 32, 78, 147, 157, 24, 148, 47, 137, 84, 135, 2]","[2, 6, 7, 9, 10, 17, 22, 24, 26, 31, 32, 38, 44, 59, 61, 63, 65, 71, 72, 74, 85, 86, 102, 103, 104, 109, 110, 112, 117, 121, 125, 145, 148, 152, 157]"
80,"[123, 82, 4, 64, 81, 71, 28, 153, 119, 45, 108, 95, 20, 112, 79, 38, 80, 51, 65, 67, 122, 35, 39, 8, 139, 98, 25, 5, 111, 150, 117, 134, 9, 10, 42, 115, 128, 14, 57, 140, 126, 100, 127, 152, 78, 56, 145, 138, 107, 34, 53, 141, 22, 121, 94, 103, 48, 88, 17, 7, 84, 131, 104, 144, 69, 85, 31, 130, 133, 27, 124, 136, 147, 29, 118, 43, 21, 102, 114, 47]","[93, 75, 19, 28, 65, 107, 88, 141, 101, 156, 95, 37, 135, 12, 108, 61, 1, 23, 91, 106, 115, 7, 42, 46, 72, 98, 81, 138, 17, 57, 96, 79, 97, 36, 34, 122, 121, 153, 62, 68, 69, 110, 6, 77, 56, 127, 29, 80, 118, 133, 71, 59, 134, 150, 84, 100, 66, 140, 112, 25, 149, 32, 76, 45, 109, 132, 146, 13, 102, 86, 137, 33, 52, 82, 103, 147, 35, 53, 92, 18]","[7, 17, 25, 28, 29, 34, 35, 42, 45, 53, 56, 57, 65, 69, 71, 79, 80, 81, 82, 84, 88, 95, 98, 100, 102, 103, 107, 108, 112, 115, 118, 121, 122, 127, 133, 134, 138, 140, 141, 147, 150, 153]"
81,"[42, 87, 156, 118, 0, 66, 26, 100, 130, 79, 143, 105, 44, 18, 142, 148, 29, 120, 25, 77, 15, 106, 111, 107, 84, 103, 132, 83, 129, 97, 23, 152, 126, 73, 95, 93, 3, 74, 135, 21, 22, 125, 154, 8, 145, 128, 149, 96, 144, 5, 133, 51, 155, 101, 17, 4, 159, 99, 63, 86, 45, 48, 121, 137, 150, 80, 72, 153, 27, 32, 123, 115, 69, 50, 89, 12, 40, 7, 38, 136]","[151, 105, 122, 58, 37, 90, 99, 137, 139, 114, 62, 46, 53, 103, 84, 119, 123, 33, 64, 80, 41, 102, 134, 156, 27, 147, 113, 0, 14, 94, 135, 88, 110, 124, 66, 155, 75, 97, 150, 111, 79, 29, 48, 30, 141, 82, 55, 126, 51, 49, 146, 76, 70, 72, 38, 127, 154, 12, 21, 77, 142, 15, 128, 61, 31, 18, 69, 95, 16, 22, 28, 87, 118, 67, 101, 32, 19, 34, 43, 109]","[0, 12, 15, 18, 21, 22, 27, 29, 32, 38, 48, 51, 66, 69, 72, 77, 79, 80, 84, 87, 95, 97, 99, 101, 103, 105, 111, 118, 123, 126, 128, 135, 137, 142, 150, 154, 155, 156]"
82,"[43, 7, 34, 110, 8, 30, 47, 37, 12, 84, 85, 92, 9, 82, 88, 109, 20, 60, 128, 105, 46, 131, 0, 148, 53, 4, 91, 18, 154, 118, 97, 89, 40, 139, 11, 93, 42, 119, 94, 67, 49, 23, 132, 126, 51, 73, 77, 116, 124, 56, 125, 121, 22, 2, 14, 138, 17, 32, 144, 153, 83, 52, 58, 103, 129, 28, 39, 15, 79, 62, 152, 72, 80, 156, 61, 136, 36, 101, 140, 63]","[24, 56, 68, 38, 18, 131, 72, 156, 26, 121, 85, 50, 66, 78, 57, 52, 119, 115, 31, 130, 145, 51, 77, 74, 53, 16, 104, 8, 63, 107, 69, 152, 3, 151, 94, 105, 95, 89, 92, 139, 34, 59, 15, 48, 19, 109, 101, 96, 27, 44, 153, 54, 42, 12, 62, 0, 33, 90, 112, 155, 10, 134, 129, 86, 14, 120, 58, 128, 20, 116, 25, 41, 13, 65, 125, 154, 144, 46, 123, 148]","[0, 8, 12, 14, 15, 18, 20, 34, 42, 46, 51, 52, 53, 56, 58, 62, 63, 72, 77, 85, 89, 92, 94, 101, 105, 109, 116, 119, 121, 125, 128, 129, 131, 139, 144, 148, 152, 153, 154, 156]"
83,"[154, 30, 83, 105, 21, 74, 146, 93, 68, 141, 9, 32, 118, 70, 97, 40, 17, 8, 41, 44, 61, 159, 107, 80, 112, 137, 55, 35, 22, 150, 63, 95, 148, 15, 6, 75, 117, 140, 136, 36, 115, 147, 58, 43, 102, 67, 79, 72, 81, 116, 4, 84, 69, 98, 144, 48, 11, 155, 132, 89, 104, 142, 82, 16, 5, 113, 158, 33, 24, 129, 86, 123, 138, 114, 96, 152, 122, 78, 20, 23]","[100, 35, 140, 41, 99, 149, 88, 28, 34, 89, 48, 68, 14, 72, 15, 32, 38, 145, 75, 31, 73, 3, 154, 39, 0, 5, 118, 80, 51, 16, 150, 103, 44, 69, 104, 152, 60, 53, 136, 123, 52, 95, 113, 101, 54, 19, 121, 135, 63, 4, 58, 40, 116, 11, 18, 55, 1, 9, 105, 114, 125, 93, 33, 130, 85, 96, 50, 129, 24, 57, 137, 119, 143, 147, 70, 124, 65, 8, 142, 74]","[4, 5, 8, 9, 11, 15, 16, 24, 32, 33, 35, 40, 41, 44, 48, 55, 58, 63, 68, 69, 70, 72, 74, 75, 80, 89, 93, 95, 96, 104, 105, 113, 114, 116, 118, 123, 129, 136, 137, 140, 142, 147, 150, 152, 154]"
84,"[2, 18, 135, 114, 151, 87, 31, 155, 41, 77, 68, 148, 42, 123, 90, 159, 124, 37, 44, 89, 16, 128, 126, 133, 39, 143, 60, 121, 149, 99, 108, 47, 74, 70, 36, 14, 50, 30, 122, 112, 76, 29, 12, 57, 125, 129, 141, 147, 17, 145, 26, 134, 51, 111, 152, 34, 101, 13, 19, 4, 144, 71, 55, 61, 96, 132, 97, 7, 11, 88, 118, 100, 8, 54, 52, 95, 130, 94, 156, 65]","[56, 132, 62, 84, 107, 116, 45, 10, 96, 124, 5, 123, 87, 154, 128, 66, 43, 119, 78, 25, 159, 20, 16, 111, 53, 36, 32, 92, 147, 24, 11, 40, 150, 90, 133, 94, 15, 18, 88, 82, 50, 57, 134, 143, 102, 149, 6, 155, 1, 3, 17, 55, 144, 71, 2, 79, 54, 85, 46, 61, 151, 158, 7, 108, 157, 51, 99, 14, 145, 60, 23, 97, 35, 115, 42, 105, 110, 59, 4, 19]","[2, 4, 7, 11, 14, 16, 17, 18, 19, 36, 42, 50, 51, 54, 55, 57, 60, 61, 71, 87, 88, 90, 94, 96, 97, 99, 108, 111, 123, 124, 128, 132, 133, 134, 143, 144, 145, 147, 149, 151, 155, 159]"
85,"[133, 18, 154, 59, 113, 128, 1, 16, 32, 69, 111, 17, 37, 65, 119, 151, 54, 0, 140, 20, 79, 40, 155, 127, 100, 149, 116, 85, 86, 148, 21, 123, 70, 105, 129, 99, 57, 67, 125, 61, 42, 72, 135, 44, 3, 27, 82, 139, 22, 130, 9, 11, 46, 10, 115, 110, 26, 91, 90, 147, 53, 43, 66, 89, 87, 5, 157, 145, 71, 77, 64, 80, 50, 41, 122, 156, 94, 101, 96, 36]","[102, 153, 64, 128, 97, 95, 44, 45, 33, 122, 135, 159, 112, 63, 145, 118, 36, 81, 115, 114, 41, 134, 0, 156, 50, 155, 12, 70, 24, 54, 25, 93, 23, 137, 84, 90, 121, 13, 22, 16, 104, 48, 98, 31, 154, 148, 85, 29, 19, 6, 142, 62, 144, 21, 150, 86, 140, 51, 96, 74, 101, 17, 110, 125, 71, 10, 3, 34, 119, 139, 69, 120, 72, 130, 132, 129, 100, 99, 49, 147]","[0, 3, 10, 16, 17, 21, 22, 36, 41, 44, 50, 54, 64, 69, 70, 71, 72, 85, 86, 90, 96, 99, 100, 101, 110, 115, 119, 122, 125, 128, 129, 130, 135, 139, 140, 145, 147, 148, 154, 155, 156]"
86,"[31, 79, 116, 65, 105, 78, 107, 75, 10, 56, 139, 134, 20, 17, 127, 62, 36, 71, 154, 67, 9, 142, 153, 114, 14, 136, 113, 52, 129, 80, 49, 138, 100, 99, 24, 159, 12, 110, 148, 35, 145, 44, 90, 151, 19, 27, 37, 121, 73, 28, 18, 155, 74, 133, 96, 26, 43, 55, 130, 70, 109, 143, 53, 94, 29, 81, 95, 61, 60, 84, 101, 126, 8, 3, 76, 137, 25, 144, 63, 123]","[127, 158, 8, 68, 11, 31, 112, 51, 120, 58, 93, 69, 77, 107, 142, 95, 78, 88, 140, 90, 45, 32, 157, 89, 85, 55, 91, 23, 118, 72, 80, 33, 129, 99, 62, 10, 38, 139, 13, 34, 18, 21, 39, 74, 1, 41, 70, 3, 29, 43, 101, 63, 117, 104, 151, 59, 16, 148, 47, 145, 37, 60, 96, 154, 125, 122, 40, 115, 0, 19, 28, 159, 25, 46, 97, 52, 147, 2, 146, 94]","[3, 8, 10, 18, 19, 25, 28, 29, 31, 37, 43, 52, 55, 60, 62, 63, 70, 74, 78, 80, 90, 94, 95, 96, 99, 101, 107, 127, 129, 139, 142, 145, 148, 151, 154, 159]"
87,"[25, 112, 147, 104, 28, 91, 143, 139, 152, 97, 66, 58, 115, 7, 88, 120, 42, 64, 44, 127, 29, 55, 50, 74, 93, 31, 60, 130, 26, 133, 82, 11, 68, 144, 140, 106, 137, 80, 45, 146, 114, 72, 116, 87, 10, 105, 78, 54, 141, 36, 4, 33, 96, 113, 21, 94, 79, 48, 131, 142, 109, 22, 132, 126, 138, 32, 95, 85, 52, 98, 53, 43, 125, 12, 154, 145, 76, 16, 69, 2]","[13, 127, 61, 150, 42, 17, 156, 118, 3, 104, 126, 31, 149, 33, 88, 91, 108, 78, 27, 100, 6, 9, 0, 12, 55, 58, 75, 24, 128, 120, 145, 37, 159, 57, 34, 97, 38, 73, 60, 5, 48, 141, 32, 111, 4, 134, 41, 49, 136, 107, 2, 16, 89, 7, 147, 106, 93, 138, 105, 56, 43, 22, 86, 84, 122, 54, 52, 29, 1, 25, 19, 158, 39, 109, 117, 79, 18, 50, 130, 82]","[2, 4, 7, 12, 16, 22, 25, 29, 31, 32, 33, 42, 43, 48, 50, 52, 54, 55, 58, 60, 78, 79, 82, 88, 91, 93, 97, 104, 105, 106, 109, 120, 126, 127, 130, 138, 141, 145, 147]"
88,"[65, 114, 159, 76, 136, 20, 38, 139, 43, 5, 84, 91, 98, 12, 72, 126, 52, 118, 87, 149, 17, 94, 150, 88, 42, 153, 107, 23, 41, 45, 104, 122, 112, 53, 93, 155, 156, 6, 103, 68, 148, 97, 64, 30, 138, 26, 117, 135, 100, 125, 14, 127, 105, 8, 19, 123, 119, 102, 129, 0, 89, 29, 25, 109, 69, 96, 141, 154, 115, 151, 85, 143, 40, 147, 48, 83, 71, 13, 60, 50]","[138, 156, 153, 148, 81, 89, 27, 18, 105, 58, 118, 38, 144, 17, 59, 53, 120, 151, 0, 119, 77, 139, 90, 35, 158, 60, 108, 149, 8, 22, 101, 16, 109, 74, 40, 130, 67, 110, 83, 96, 100, 147, 121, 154, 98, 128, 10, 19, 103, 2, 31, 127, 62, 3, 56, 157, 7, 66, 75, 122, 124, 82, 137, 140, 36, 117, 106, 9, 93, 99, 21, 152, 80, 69, 134, 91, 14, 15, 37, 131]","[0, 8, 14, 17, 19, 38, 40, 53, 60, 69, 83, 89, 91, 93, 96, 98, 100, 103, 105, 109, 117, 118, 119, 122, 127, 138, 139, 147, 148, 149, 151, 153, 154, 156]"
89,"[31, 121, 156, 126, 55, 147, 17, 129, 49, 20, 145, 3, 11, 106, 74, 46, 125, 107, 86, 41, 14, 89, 80, 23, 8, 111, 84, 60, 134, 64, 32, 21, 71, 100, 150, 141, 95, 82, 109, 97, 39, 72, 124, 4, 50, 22, 65, 153, 68, 0, 102, 62, 127, 18, 24, 53, 119, 115, 85, 112, 93, 123, 33, 133, 59, 81, 130, 13, 128, 110, 56, 132, 94, 79, 40, 103, 27, 48, 6, 34]","[12, 142, 42, 112, 139, 35, 117, 64, 120, 111, 100, 72, 68, 8, 91, 149, 10, 52, 1, 75, 0, 56, 138, 19, 65, 41, 79, 148, 14, 61, 90, 136, 46, 157, 150, 70, 38, 16, 108, 67, 103, 119, 4, 101, 123, 98, 106, 137, 124, 140, 83, 49, 24, 25, 28, 13, 81, 121, 30, 5, 51, 21, 39, 74, 45, 11, 104, 69, 88, 126, 60, 27, 18, 154, 145, 80, 156, 9, 143, 144]","[0, 4, 8, 11, 13, 14, 18, 21, 24, 27, 39, 41, 46, 49, 56, 60, 64, 65, 68, 72, 74, 79, 80, 81, 100, 103, 106, 111, 112, 119, 121, 123, 124, 126, 145, 150, 156]"
90,"[46, 71, 153, 34, 52, 142, 66, 41, 70, 51, 156, 122, 6, 64, 68, 79, 103, 158, 90, 58, 55, 95, 59, 10, 62, 114, 38, 42, 4, 109, 119, 13, 30, 145, 18, 139, 82, 9, 102, 150, 87, 124, 97, 157, 72, 135, 112, 104, 21, 44, 67, 110, 88, 28, 108, 60, 48, 98, 7, 23, 140, 25, 53, 29, 0, 132, 15, 115, 121, 133, 120, 89, 14, 1, 20, 40, 137, 49, 111, 73]","[125, 122, 132, 45, 111, 128, 156, 151, 56, 59, 150, 145, 102, 139, 97, 134, 114, 152, 19, 29, 49, 143, 121, 7, 79, 36, 153, 85, 123, 5, 110, 4, 116, 130, 50, 24, 30, 127, 11, 131, 77, 138, 101, 94, 107, 14, 25, 88, 64, 28, 39, 16, 105, 6, 51, 99, 2, 157, 149, 108, 15, 103, 54, 20, 43, 91, 90, 35, 154, 144, 22, 117, 27, 84, 80, 60, 120, 155, 38, 78]","[4, 6, 7, 14, 15, 20, 25, 28, 29, 30, 38, 49, 51, 59, 60, 64, 79, 88, 90, 97, 102, 103, 108, 110, 111, 114, 120, 121, 122, 132, 139, 145, 150, 153, 156, 157]"
91,"[103, 66, 81, 92, 61, 90, 83, 10, 101, 97, 85, 13, 8, 153, 32, 71, 123, 25, 15, 14, 109, 89, 49, 104, 36, 100, 124, 70, 29, 88, 62, 19, 112, 77, 40, 48, 99, 17, 21, 46, 149, 34, 87, 150, 44, 158, 132, 67, 79, 23, 53, 68, 7, 117, 139, 116, 4, 84, 133, 148, 94, 56, 140, 16, 65, 159, 111, 105, 73, 156, 80, 120, 11, 0, 82, 143, 154, 95, 74, 47]","[147, 43, 2, 138, 119, 110, 51, 11, 20, 74, 150, 114, 44, 31, 93, 67, 37, 84, 148, 90, 102, 12, 1, 71, 86, 108, 156, 3, 98, 153, 58, 97, 53, 126, 66, 109, 70, 151, 41, 17, 65, 0, 39, 100, 59, 117, 55, 35, 134, 34, 130, 4, 78, 107, 154, 19, 159, 157, 92, 32, 106, 136, 42, 94, 45, 111, 68, 112, 73, 75, 8, 152, 116, 127, 64, 146, 149, 133, 30, 14]","[0, 4, 8, 11, 14, 17, 19, 32, 34, 44, 53, 65, 66, 67, 68, 70, 71, 73, 74, 84, 90, 92, 94, 97, 100, 109, 111, 112, 116, 117, 133, 148, 149, 150, 153, 154, 156, 159]"
92,"[142, 41, 154, 52, 75, 110, 4, 56, 14, 0, 38, 8, 132, 40, 48, 63, 114, 91, 57, 144, 104, 80, 70, 141, 30, 43, 98, 1, 129, 83, 131, 128, 51, 69, 149, 133, 23, 11, 94, 74, 29, 139, 155, 54, 159, 7, 130, 61, 109, 95, 97, 125, 96, 31, 123, 60, 103, 68, 108, 20, 148, 67, 79, 120, 145, 47, 100, 6, 35, 117, 111, 156, 10, 28, 89, 102, 53, 143, 118, 115]","[25, 149, 135, 70, 121, 71, 94, 8, 13, 95, 114, 55, 141, 142, 103, 67, 51, 10, 153, 88, 134, 59, 93, 18, 35, 154, 158, 130, 23, 81, 3, 15, 128, 16, 37, 100, 33, 137, 45, 6, 26, 89, 42, 78, 32, 120, 68, 24, 76, 44, 152, 58, 38, 159, 17, 112, 83, 31, 131, 60, 129, 109, 122, 50, 155, 9, 104, 4, 64, 56, 86, 62, 29, 101, 40, 65, 75, 138, 66, 116]","[4, 6, 8, 10, 23, 29, 31, 35, 38, 40, 51, 56, 60, 67, 68, 70, 75, 83, 89, 94, 95, 100, 103, 104, 109, 114, 120, 128, 129, 130, 131, 141, 142, 149, 154, 155, 159]"
93,"[73, 76, 2, 45, 80, 3, 135, 14, 140, 159, 10, 57, 44, 97, 114, 120, 143, 5, 127, 63, 72, 99, 9, 81, 58, 4, 26, 64, 61, 46, 110, 78, 52, 48, 67, 29, 154, 113, 131, 60, 71, 68, 65, 37, 103, 59, 153, 145, 16, 22, 111, 32, 132, 11, 92, 15, 106, 136, 155, 116, 124, 39, 20, 134, 133, 66, 94, 79, 138, 86, 82, 104, 50, 54, 47, 90, 13, 156, 125, 129]","[112, 27, 9, 48, 106, 62, 93, 30, 13, 44, 39, 111, 47, 159, 157, 105, 133, 158, 147, 45, 18, 41, 116, 52, 85, 35, 151, 75, 53, 115, 120, 148, 74, 86, 149, 4, 124, 78, 117, 72, 43, 70, 61, 114, 5, 88, 65, 107, 143, 136, 125, 1, 59, 87, 97, 6, 73, 15, 127, 55, 57, 150, 101, 144, 22, 130, 29, 89, 77, 34, 103, 153, 24, 33, 109, 135, 79, 32, 7, 14]","[4, 5, 9, 13, 14, 15, 22, 29, 32, 39, 44, 45, 47, 48, 52, 57, 59, 61, 65, 72, 73, 78, 79, 86, 97, 103, 106, 111, 114, 116, 120, 124, 125, 127, 133, 135, 136, 143, 153, 159]"
94,"[147, 111, 120, 133, 141, 124, 75, 131, 82, 6, 122, 158, 58, 61, 36, 107, 132, 51, 106, 99, 39, 26, 35, 142, 77, 108, 41, 116, 86, 43, 128, 10, 71, 93, 5, 45, 52, 135, 146, 15, 34, 33, 154, 157, 17, 81, 88, 44, 27, 64, 70, 145, 46, 98, 8, 42, 65, 156, 57, 21, 143, 40, 62, 125, 47, 63, 103, 69, 155, 30, 0, 60, 90, 112, 25, 20, 110, 24, 119, 49]","[77, 133, 24, 1, 55, 9, 153, 26, 120, 87, 20, 32, 156, 47, 58, 23, 22, 50, 157, 46, 31, 21, 2, 80, 62, 89, 71, 132, 105, 25, 42, 8, 68, 117, 76, 108, 159, 148, 27, 141, 84, 75, 53, 139, 85, 124, 118, 79, 125, 40, 96, 102, 126, 146, 67, 98, 114, 111, 119, 109, 93, 101, 28, 6, 100, 155, 13, 43, 34, 16, 123, 83, 116, 130, 86, 128, 64, 81, 129, 94]","[6, 8, 20, 21, 24, 25, 26, 27, 34, 40, 42, 43, 46, 47, 58, 62, 64, 71, 75, 77, 81, 86, 93, 98, 108, 111, 116, 119, 120, 124, 125, 128, 132, 133, 141, 146, 155, 156, 157]"
95,"[42, 119, 125, 21, 77, 83, 58, 74, 145, 158, 54, 111, 136, 134, 109, 115, 29, 151, 67, 154, 147, 88, 98, 126, 57, 30, 38, 124, 93, 63, 120, 138, 24, 26, 116, 106, 143, 139, 52, 131, 153, 101, 132, 2, 65, 85, 130, 34, 53, 78, 94, 66, 79, 39, 141, 50, 6, 64, 45, 133, 51, 89, 44, 15, 87, 105, 23, 3, 60, 4, 127, 11, 108, 47, 14, 49, 81, 12, 31, 103]","[97, 50, 54, 72, 28, 65, 121, 124, 93, 94, 67, 40, 136, 155, 22, 115, 21, 5, 57, 2, 87, 15, 46, 101, 62, 26, 106, 34, 12, 111, 78, 10, 102, 85, 108, 113, 11, 116, 6, 143, 130, 20, 138, 92, 63, 66, 76, 45, 148, 153, 75, 157, 52, 3, 112, 79, 35, 70, 125, 114, 18, 82, 56, 25, 31, 131, 89, 27, 95, 149, 99, 1, 23, 151, 81, 96, 123, 14, 61, 39]","[2, 3, 6, 11, 12, 14, 15, 21, 23, 26, 31, 34, 39, 45, 50, 52, 54, 57, 63, 65, 66, 67, 78, 79, 81, 85, 87, 89, 93, 94, 101, 106, 108, 111, 115, 116, 124, 125, 130, 131, 136, 138, 143, 151, 153]"
96,"[95, 46, 98, 126, 57, 40, 83, 156, 155, 130, 107, 12, 144, 69, 48, 52, 152, 41, 9, 99, 133, 94, 53, 0, 37, 18, 136, 51, 44, 141, 128, 25, 150, 86, 8, 66, 4, 135, 89, 31, 61, 72, 159, 23, 138, 70, 78, 17, 110, 60, 121, 116, 67, 146, 26, 96, 49, 45, 122, 118, 113, 134, 34, 112, 6, 149, 11, 139, 63, 151, 103, 111, 39, 157, 77, 55, 87, 5, 7, 13]","[28, 84, 8, 143, 130, 127, 96, 91, 152, 144, 76, 99, 141, 38, 9, 112, 49, 85, 134, 42, 132, 80, 6, 113, 77, 1, 78, 50, 15, 126, 33, 119, 89, 111, 20, 7, 22, 72, 92, 59, 47, 57, 81, 45, 3, 56, 69, 140, 83, 139, 147, 116, 55, 5, 149, 123, 39, 27, 115, 71, 148, 102, 12, 66, 48, 11, 129, 65, 52, 41, 103, 79, 150, 87, 110, 61, 120, 145, 21, 25]","[5, 6, 7, 8, 9, 11, 12, 25, 39, 41, 45, 48, 49, 52, 55, 57, 61, 66, 69, 72, 77, 78, 83, 87, 89, 96, 99, 103, 110, 111, 112, 113, 116, 126, 130, 134, 139, 141, 144, 149, 150, 152]"
97,"[111, 139, 104, 2, 105, 109, 21, 151, 59, 102, 10, 99, 138, 82, 45, 62, 107, 34, 16, 76, 103, 20, 69, 147, 27, 8, 159, 132, 88, 70, 71, 149, 78, 133, 79, 101, 55, 54, 96, 42, 46, 25, 154, 148, 53, 14, 127, 100, 122, 87, 114, 123, 49, 58, 155, 157, 43, 37, 30, 74, 112, 92, 44, 152, 140, 39, 23, 94, 143, 150, 91, 57, 41, 84, 141, 77, 134, 118, 116, 7]","[3, 117, 127, 153, 28, 41, 16, 46, 33, 53, 101, 84, 146, 32, 22, 37, 99, 135, 155, 51, 38, 13, 29, 43, 88, 6, 36, 68, 102, 137, 12, 144, 73, 58, 110, 145, 158, 90, 31, 49, 57, 150, 64, 65, 139, 123, 104, 124, 15, 40, 35, 128, 131, 44, 75, 21, 26, 126, 120, 24, 108, 69, 18, 156, 74, 61, 152, 107, 2, 8, 134, 94, 105, 0, 86, 114, 55, 103, 20, 7]","[2, 7, 8, 16, 20, 21, 37, 41, 43, 44, 46, 49, 53, 55, 57, 58, 69, 74, 84, 88, 94, 99, 101, 102, 103, 104, 105, 107, 114, 123, 127, 134, 139, 150, 152, 155]"
98,"[5, 112, 73, 50, 38, 74, 122, 86, 35, 131, 31, 78, 140, 7, 20, 64, 147, 66, 105, 88, 104, 62, 6, 148, 4, 77, 123, 142, 95, 67, 53, 151, 130, 89, 71, 97, 26, 15, 114, 18, 91, 139, 56, 118, 99, 19, 144, 72, 145, 45, 133, 113, 27, 36, 93, 124, 21, 13, 76, 3, 55, 42, 0, 12, 111, 149, 115, 92, 51, 17, 126, 146, 150, 37, 68, 98, 127, 25, 41, 116]","[84, 57, 132, 85, 150, 143, 31, 52, 151, 147, 72, 111, 1, 154, 149, 70, 16, 130, 4, 39, 80, 156, 68, 137, 83, 43, 15, 69, 118, 20, 93, 91, 22, 114, 6, 131, 3, 10, 142, 127, 106, 140, 97, 54, 18, 119, 61, 122, 115, 49, 117, 67, 63, 7, 158, 79, 138, 96, 102, 71, 105, 86, 145, 133, 64, 136, 38, 53, 17, 107, 92, 8, 87, 12, 51, 32, 29, 77, 60, 135]","[3, 4, 6, 7, 12, 15, 17, 18, 20, 31, 38, 51, 53, 64, 67, 68, 71, 72, 77, 86, 91, 92, 93, 97, 105, 111, 114, 115, 118, 122, 127, 130, 131, 133, 140, 142, 145, 147, 149, 150, 151]"
99,"[105, 19, 40, 98, 147, 49, 146, 93, 123, 79, 126, 143, 132, 92, 90, 9, 7, 155, 66, 21, 10, 65, 2, 36, 94, 88, 77, 5, 78, 107, 4, 34, 24, 16, 25, 91, 156, 130, 137, 85, 74, 111, 140, 80, 27, 58, 96, 86, 33, 151, 59, 95, 118, 22, 42, 26, 37, 120, 99, 112, 60, 20, 39, 141, 13, 47, 149, 145, 101, 76, 110, 67, 75, 28, 6, 135, 106, 134, 82, 32]","[104, 63, 96, 74, 53, 150, 102, 82, 124, 81, 111, 24, 20, 89, 135, 106, 100, 118, 67, 114, 38, 126, 73, 87, 14, 109, 54, 33, 51, 127, 70, 1, 94, 85, 147, 37, 5, 68, 56, 65, 21, 17, 52, 46, 131, 25, 60, 99, 72, 148, 48, 9, 129, 42, 13, 145, 123, 107, 108, 110, 117, 29, 158, 105, 35, 132, 43, 91, 122, 45, 141, 15, 113, 97, 44, 57, 115, 23, 83, 71]","[5, 9, 13, 20, 21, 24, 25, 33, 37, 42, 60, 65, 67, 74, 82, 85, 91, 94, 96, 99, 105, 106, 107, 110, 111, 118, 123, 126, 132, 135, 141, 145, 147]"
