0,2-9/2+9*8/2/6/5/4-7*7+6/8*7/1+4+5/1/3+7/6-3*9+2/3/5+8*7/1*6/3-7-2*9*8-6*6*6*3*8-5*4*8/4+5*9-7/4-1/5*3+9/8*3/4-2+2-5+1+1*4-7-2-4*5-8-7+6-6+4/1/7-3*5+1-7/9*4/5+3*5-8*4-8+5-6+8*2*6-4-4*9+4-3+9+4-3-2*7+8*5/1-5*1*5-3-6-6-9-4+7+8*4+6/6*5-8-5/6+8-9+4-7/9*9-2/7-5-2+2-3*7/3/6/1+1-4/7*5-6*6-1/7/2/4/3*8*1+6-2*4*2/4+3-4/7-1/7*3+6/3+3+1+6*9+8+1+8*3/7-9-4-4/1/4+5-1*4+9/8+9+9/2-8*2*1-5*5/9+2/4+7,-5275.96
1,1*3-2*7+4-5+7+6*8/1-4*5/2*8-4/6*5/3*8-5-2+8*5*7+9-5*3/4/4+6-6-4*6+6+8-6*6-3+1+4-8+7/6/7/4+6/7*4*3*7*3+7-8+3/9/4+2-5/7/7+9*4/9-9/6+3/4+7+7+5-3+9+1+4*6+2+2*2-6/9*4/4*6+4+6-1-3-7/2*6-3*4/7-4/6*1/9+1*5*3/6-5-4-2*6*1+6*3-5+8*3-2-9-2-5-5+4-5-7*8+2-8+8-9*3-4/8*3-4+2/6*2-5+2+6/9/7*1/7-2-6+4*6-1/8-2-1+4-2/5/5-7/7/3/9-9*9-6+9-6-8+5-3*4+5+5/4+3*1*8/1*3*2*6+2*9+3-5*4*2*3-2+7-4*6+4*4+9*8/5/3-4,1031.15
2,3/3/7-5-7-9+7*4*9-9/5+6-1/6-9*9/6+7*1/8+8*4*2/4/5-2-8-7+4+7-5+4*7-2-1/3/7*6+1-3-7*1+8+2/1-6-3+3*4/9*9*7+6*5/2-4-7/7-8+9+7+9-2-3-2/8-1*2+7+2*5+6+5*5/3-3-8+1-3-5-7*1+8+1/9-7+3*1+8-5+2*8+7+5-3/8-7-1*3-6-7/2*8-5/3-5+8/8-7-8/7-6-8-3-2+5-6/3*4*8/4/6+3+5*8*5+2*3+7/4*5-9/9*5-6/1-7+8/6+6+3/8/5-7-4-2/2/6-5/9*9-1-4+4+6/4/3+5+3-5-7/9-7*6/9-4/4*5+1+9-5/8*8+3/9+3+8-2+3+8+7-6+1-3*9*4/6-3/8-2-6-6,480.81
3,7+2+8-8+3+4/6-9/6/8/5*7/7/2-3-7/3+4*9+3+8/5/5*8/8*5-9*2*3*8-7-7-6*3/8-4-3/1-8+1+4*2+7+8/2/3+5*7/5/8/1/2*4*8+3*5*5*4-6*5-7/2*2+6-2/5/9/9*8+4/1/6+2-4+5*9*3+3+4+1-6*8-2/7*7*3+8/6-4-8+3/4+9/1-3-3-1+3+8/9*4-2-9+9*3-3*2/2/1*4*6+9*3-8*8+2-4*2+2/2-8*5-1/7+5-5-9/3*8+4/7+6-4-9-8*8/1*5-3+9+7+3*7/1-2-8*8+9+5-2*5*8/2+3/9*9*8-6*1/3-7*2-3*7/3*6*7*8/7-9*7+3*6-6+8/4-3*3/5+5/3-2-5/6/5*1/2+9/5/1*4/8,-953.62
4,4+8-6+4-7+7*4/2/6*9+7*4-7-4-9-5*9/1+6*4+6/5*4*6/7/1+7+1+2/1*6/9*7*6/6*2/9-6+5*6*2+7+8+5-3*4*6/5+1*6*3*6*4*3+7*1/5*5*7/5+3*7*3/7-2/7+3-1-3*8-6/8*7*8*8*1/3+4+7*1-7*8*6*1/2*6-1+2-1-6*5+7/9*7+7+8/4*5-8+7*4*1/8*2/9*7-2*6-7+4/7/9*3-3-6*6-5-4-1/9/2+3-2+7+4-1+7+2/7/1/8-8-5/8-7-4/8*9+2+2-8*4/8*7-1/3/7/2+1-5/4-6+1-3-9-1-1*9*8-6-2-8-3+8/6+6+4-9+9*4/4*1+3-5+8+8-4*3-2+2*4*5/7-2/3/6/2*1-4*3-2/7,60.67
5,8*7*7*4*9/3+4-5-1/6*4/9*3*7-7-7-4/6/2-1-7/4*2/7/9-6*2+3-1+8*3/9-6/3*1+6+7*4*7+3/4+9-2/8+5/8*2-2/5*3+4/8*1/2+8+8-6-2*6/2*7-2/2-2-3*1*4-4*2*5*1+3/4/8+9*7+3/5*2*6+5-4+4/5+2/5+1/4*1/5+1+8-5-9+8-3-5/1/5/5+1/9/6*9/6/5*9/4/3/7-4+1-5*2/1*8-6-1+9/5+7*2-7*2/1-3/1*8-5-2*9-7/9*2-3*5-3-7-2*1-6/7/1-9/4+4/2/9-1-4+7/8+3*2/8*6/8*4+8-5/5+8/4/2/6/3-2+7-7+8/3-5-1+2*8/3*7/4+9+1/3-6/5+9/8-1+8/9/8-6/1-9,4709.78
6,6*8+1-7/4/5/7-5-3-9-8+2*3/4-7/1*8-2-3/8/2+3*4+3*8*9*9*4*1/8-7/1*8*7/4/1+9-6-1+6+9/7-8*1-6+4+4/8*4-6-6-1*6+4-2/9-7+1/4+1*2-8-9-6*6/6+7/9/7/3-7/6*6*3+9+1-8/6+2*8/5*9*7/4+8+9/4*3*3/8+9+1/5/9*6-6+4*3*8-6-6*5*1/6/5+7/5+9-5/9+9*7+4*1*2*1+9-6*8+8+6/4/5*5*4*7/9*3-6/7+6+6/6-8-8*2/4+9+8/8+5-1*6+2+2/1*4*7+3/4/7+5/7+2/7*7-2*9/5+7-9-5/5-1-7+9+9*7/9-7+1-1-5+1*9*7-1/4*4*5+6/4*6/2*4+3/5/6*7*6-7/8,1149.88
7,3+6-9+3+9*7*5-9-2+5+5*9/6-5*3/5/6*3/9+1+8*5+3-4-7/4/7/5+2+8/7/1-6*7/8*3+4-1+2/1-6+8/5-2*9/2/7/3/7*5-8-1*4/3*4/8*3/7+9+4+4+2+8-2/1+8/9-2*8/6-1+9*7/4*9*3/7-4/6-3/8-2*5-5-2+4+5/5*4-4-7+3-3*9/8*5*4-7/6/4-8+8-2/7-3+8/1-8*2+2-9+3-9/5+2-5/8*7/2-3-4*9*6*1/8/8+4-4-8-8-9+1+4+9-7*6/8*5+1/6*7/9*8+7-8/6*8-9/6+6-9/4+3+9+8/7/5-8/6+2-5+4*9+5-4*9/2+1-6-1+7+8/7-2*5/6*5-9-6-7-4-6/5/4*7-1+1*1*2/6*7*5,281.82
8,4*4/6-4*3+4-4-3+8+7*6-9-7-4-8+8+3/7-4+7*4-1+4-6*6+2/2-3*2*4-3-2*2/2*5*5/5+2-8/3-3/3/5*6+9*4*1-9+7*7+1-9*1/7-1-1-6/7+8+8+4*4+4-2/2/5*9-8+5-3/4+2-7/8+5/3-7-3-2/2*8/7*9*3*9-4+2-9/6-9/8+1/4/4+1-2*5/3/1*6+3-1+1+8*9*9/7-6/4*8-3-2/7-4*8-9+9+7/1/3/3+3-9+7/8+7*3+1-9/8-6/4+7/7*9/9+1-4+5+7/7/2-1/1-9+4*7+7*9*6/7-9+4/7-9+2*1*8*4+5-1-9/6/9/3+1-5*9-9-2+8+1+5+7*9+6/8+6/5+8/7-8+1/8+5/9*2/4-6+2+6*8,16.88
9,6*1-4*5*7/8-5-8*2*5*7*9+7*3*5-8-6*8-3-9/3/2*5-2*4/7/1*4/7*3-3*9*9+1/8-2/7/5/7-5*2/1+5+2/8/5-4-1*8-5-9+7+2/8+3*7-3*6-6+2*3/8-4+2-7/3*1*7/4-9-1-3/4+3*8*4-9-9+1-7-7/1*2+6*2*4+1+5+8*3/1*9-1*4-8-8*4+7*2*5/6-4+6-1/8+5*8-6/1-2+3/4+2-3/4/3+9-8/9+9-8+1+2/4-4/9-8/9-5-6*3+5-6/2/8-2*6/5-6+8+6/3*8*2+1/1-9*6*8-3+6/7+9/5*9*4-1+5*4/9-6/3+7-6*3/2*5+2/8*4*7/5-3-4-6/7+9-2*9-7-5*9/1/3+6+7/4-1+6-5+6-2,-5383.91
10,2-8-4-2-6+4+2+5*9+7*9/5+3-5-9+3+4+9/1+3/1+9-2-1-7-7*3-4-1/4+6/5+6/6-2*4+4-3*5-5+9/5+2-8+8/3+4*7/4+9-1+3/5/2+9+8+5*4/4/3+2-4*8-5*2-3/2*7*7-5-5/4/3*9+1-4/9/7*5/8/9*6-5-9+6*1/6+7-4*3+8*9-4-2*5*2*5-4+6-3+6+7+3/5*9*8+5*6/3+2/6+8+6/4+6+3-2/4*7+7+1-2-6+7*8/4*7+5+4*9-9-1-4/9+8*6-9/4/9/8*1/9/3+3+6*1/4+3-8/3-2*2-7+5*3/7/6-3/2-8+7+8+9-8*5*2*5/4/7*4-3/5*5+1*7/8*2-2/7-2/1+1/1+4/1+5*7/6*6/4+4+6,95.56
11,4+7+7*9*9/5-6+4-3/3-9-5-7/4-6*7*4*3-8+6/2+5/1*9*8*6/3-1-5/7+3+1*8-6+4*3/6-5*4+4/6-1+6*7*8/1*7-3+4*5*1-4/2-1/9/9*2*6/2-2/5*5+2*1-9-2/1+4/6*7-9/4*9-8/8-8*4+2+1-1+2/5*4*9/7+1+6*9+4+8/9+2-1/4*9/3/3/7*2-8-8+8*7+8+3+2+7*9-2-7-6-1-1-1*6+4/9+5*1/9-1-2*2-8+8+1*7*6*2-6-3-7*2*9-6+7+8*2-2-1/3/9+5/6/5*7+1*3+8-2+7+3-8/1-1*6+2*1*8+8/5/9*2-2-1/5+2/4-8/7/7*7/8-7+3*4-7/6+9+7/6*8-8-2/1/6+6/5*2+7-6/8,2770.95
12,5+1*9+9-6*8/8*9+8*8/3+4+4-9*3-5-2/5-8+6+5/6+3-2/7-9-6+2/2-3/7/3-2/2*1-1+9-7+7*4/7/7*8-8*5+8/8/4-2+6-6+8*1/6+5+8/1/7+8-6-9-6*1*2+2+5+4+3*6*2*1*1+2+7-4*6+8*7-7-3*8*8+2/7/5-3-7*5/7+6+2/9+7+5-6-7/5+1*4+7/5-2+8+7*8+9/7+1/3+4/4/1*2*7*7/6-8-6/3+9-2/3+5-4+7/3*1*7+6*1+6*6-4-5+3-9/8*5/6/9+8*5*3*4+6+5*2+1*5*5/5-8/9+7/9/6*6+2-1*5-1*4/2/5*5+3*1+5*3/1*3-9+7/8/6-5/7-1-2-6/6*6*7-9/7+3+7+7*6+4-7*4,449.46
13,9-8-6-3*7+9*9-2*3+7+4+4/9+4+5-2+5/7/9*9*2*6*1+6*5+8-9/3*3+5/5*8*7+2-6-5+5+2*4*7/4/7+6-7*9-8+9-3-5+8*2-3/3*1+7+2/4-7-3/3*2/1-7/2*5+8+1-5*3*6/6-4/4-7+3*9-1-7+4+7/4+6-6+7/2*8/9/7+5+5/7+1/6+4/1*4-2/6/9+6+4-9*6/4-6+9*2*8/9-2+8-5+9*2+4-5*2/8/6+8/8+3-4*6+5-9*6-3*7+8-3+4/3/4-3/7-5+2+1*7/8*4*7*2*2/9+5/4+2*6*9/4-6*8*2+7*2-4+9+3*3*9+8+5/3/9-4+9*1-9-5+6*3/8+2/3+8-8-1/2-3*2-2*1*6-7-2+6*4*6-6+1,221.99
14,7+2/8+9+7+1*9-9-6-9-2/1*4-6-4*9+7-4*5*9/7-6/4+9*6/4*8/3/2*8/3*2-8*5-1*5*4/7-1*1/3+8+9-8*8/4*2+1/9-7/6*6-7-5*8/9/5*2*9*8*7+7+7*9/4+7-9/9*2+9-3+8+4/4/1-8+4-1-3/8+5+1/3*9/9*2/6+2*6/5+8-7/9-2-1*6+8*8-7-9*1+3-4/8-5-4-8+2/5-5+9+5-6+7+9-3*6+3-2*5-8*7-8+7/8/4/1-5/3*4-3-1/4/7-9/3/1*2*4*3*4+5*8+9*2+5/8+1-8-1-2*4-9/7/1-1*6*8/9+7/2*7-3+7/5+2+2+2+1*3*3-2*7*8+8-7+2*7/3*2-5+9/4*9/9*4-3+4/3*7/7+7,-1241.95
15,3+3-5+1-6+3+6-6-2*5+7-7-7+1/3/1+1*4/2/8/1*1+1*7/3*4+1*8+4/9-2-2+2*1/9-2*6*6/3+4*3/4-2*7-2/6-7+8+3*7*9-4-8*8/1+1/3+8-1/4/3/6/8/4+5/9/5*5*9*8-4+7*8*2*9-3/7/9/1+5-2*7-4/8/5/3-5/9+2*2*9+8*4+9-5-4+7/3*8-4-7/6*3*5+2-5*5*9+3+2*8*1+3+5/3/5+9*8+7+5+7*3*6-9+3/1/3*5-9*8-5-7*1*3-3*5-5-5*7+7+9-4/2*5+9/5-9/4*9+3*8-8-5*4-8/9/2*5/3/2/6-7/4*6/5/3/4-6-1*2*1-7*5-8/8*3-9/4+3/1+5*7+8+8*7+2*2*6-3*9+6*7,1119.51
16,4+7+7-7-9-8*1-2*9*6+6*8-2+5-2-1*9/5/6*8-7/7+8-8*7+8/9*8-9*4+2+2-4-6*4/9/3-6/9+4/5*3+4-4*9-6*4*3-6/2+4-8/2/3+8*5/9-8/9/8+2-9*3*1*2-1*6*2-1-1/8/5-8/2-1/2+7*3*8+4*5/6*7/4-2/1+3+5+9/9*7*1/1-6+8*1*4-9-7/1/9-4+7/1/6*5/7/1+7+8-1/4/5*7-3+4-1+8/7-5+4/6/1-8-3-3+5-3*7/7/3*8+9*9+1/3/9+8+1*8-7*4+4-9*1/6-4-5+8/7/6-1/8+6/6/7-9-5+9/8*9/5-3+3+2/6*3*2*6+4*4/3+3/5/6+2/8/3-5/4/8+4-7*7/8-6*6-4*4*7*9+5,-1092.62
17,9/4+5*8/4+8/8-4/2/1/5-4*2*7-3-8*8+5/1-7-8*8*9/3-1/1*7*3+5+9+8/3+5*3*1-5+1/1/9*6+2/7+1-6+7*5/3/8/5/8*7-7-6+8-4+7*1*8/1+8+6-2+4-9/6+8/8-2*7-2-4*7+8+4/6*5/6/7+1+3/9*9*4+1/1+9+1-2/4+5-4+2/8*4/7/6*1*2*8/1*3+4*7*1*3-8+7*2+4*3+7/1/7+9-7-4+5/6*5-2/8-1/3/7+2-7*7/2*9/8+1+7+3*2-5+7+7-3-6-7*6+5-3/4*6*3*8*7-7+1*6*5/7+5*9+9*1*9-1*4*9-5+3-3*2+6+6-9+8+9-2*1*7+6-8*7/2/7+6/8*7-1*2+1+3-8*2+2-5-6+9-1,-872.21
18,3+7/5*7/7+4*8+3*9/4*4*4-1+7/7+8*9/7/1+1/3*5*1+3-7/3+6-6/3-7*1/8-2*6/8+1+4-7-6+2/2+5*9+4*1+9*9/5-4*4/8*4+7+4/1+6/1/1+2-2*8-4/3-2*1/2/6+4+4/3+1/6/5*7+5*6-9+2*6-3/6*3*1*9+9-3+4+2+1-7*1-9+2/4/7+5-3+3-6-1-2*9+7-6*6-3+7*2*4*7*8*7+5*5+7-2/1+9+6/7+3+4/9/3-1*7+5*4+3+2+5*1-4-5-8-7/5*5+3-7*9/6/8/9+1/5/2*8*7-4-3*9/6-9*4-4/7+3-4*5*8-4/2-1-5+8*1/2+9-5/9-2-7/4+4-4*7*6/1-7*6/3/4-6*6/9*3-6+6+8-8*6,21762.06
19,8/3-8*8/4+8*2*9+4+1+3+1+2-5+6*9/6-6-6+4+3-8*4+3-7+3*7*3-5/2+7*7*5*1/1-6-1+8-9-1+1*8/1-3+7+7/4/6/4/8/6/5-6/4/7*9-9*9-7/1-2+2-7-7+6-5/7-2*8/2*6+7+4/3/4+1/3*5/2*4/5-2-7-7-2+2/2+7*9*2*3-2/7+1-2-4-1/5-3+6+9-1/1+9*3/2-3-2-3+1/1/9+2/6*8/1+4-6*1+3+8+6*5-5/6+8*6-9/7*5+2*5/2-4+5+9/5/9*3*8*4/6*9+1/6+2+3-3*5*7*9/4*4*8-1+3/8+1/3-8-6-7/4/7*6*4+8+3-1+3/5/8-9-6+9*8/9*7+4/6/7*6/8*9/2+2*6+8/6*2/3/8,-6747.76
20,8*4+9-8/2+7-7-3+1-5+2/2/1-8-5-7*8-2/4*7/8*5*3+9+2+4/1+7-6*2-9*8*8-5+5/5/4-2+7/6+6/4-7+6*3/6*7*1/6-8-2-9-3-5-1*7*4-7+3-1-3+6-9*8/2-6-6*2/6-6+8/8-8/3*1*1*6+9+9-2-7-2*6/7+6*6+4*4+1*3/6-8*5+5*6+6-8*6-7*4*4/5*9+9/7*3*6-2/5/4-9+7/1+7/4/8*6-1+8*8*3/4-5-5/5+4*3+9*5-4*7*2*2+2-6-4*9+9-3/1*6/6+5/2/5+9-3*4*6-9/3/7-3-1/5+6/7+6-6/5/3/9+2*2-1-7*9-6*7-4-5/8+9-4-6+1-7+1-9/1+8-8-8+1*3-6*4*4*5-5-4/4,-1631.55
21,2*3-2+9-6+2*2/8-2+5*6*3*2-4-3-7/2+9*9-7*5+8/5*7*7/9/4+4+1+2+9-7/8-7*6+4-4+3*2/7/5/6*4-2/2-1/2+6+5*7+5+2+8/4+1-7*5-5/5*2/1/2/2+8-9*9*4+6/1+8/5-9+2+4-5*5/3+6/8+4+7+3*5/4/4*2+8/9-1-9-8-2+1*1*3*4+1/4/8*1*3-6*9*8+7+1+2*7+3+6-9-9/7*1-7-2/5/7/3*7/6-9*5*5/3/5-9*5-4*8+9/6-7*4*8+5-7/5/5-8/9/9/1-2+9-8/2*4+8*1/5-7/6-3*7/5/4+6*3+8-4*8/5+4-4*4+1*2-5*2*3/5/5+9-5*6+4*9+9/5*8-2/2-2*2-9-1/7-9/1*4-3,-855.85
22,1/5*3/2-4+9+3/8*7/1+4/4*7*7+9/9-8-8*4+6*3/8+7/6/9+7-4-4+5+9+5/5+1/6-6/9+2+3-9-9/6-5*8-6/5*2-9/4+4-1*3*5*2+9/5+4+4+7+7-5-9+5/4/6-4*9/2*5-2-8-8*7/7/6-6/3-2-5-7/7/4/6-9-2-6+5-8*5/3/4+5*6/9/1/4/2-2/5-6+7/5-2/2*2+9+8+5*9/7/1-3/9*8/1-6+2-8-9*2*9*6-9+2*7/2+1*3*4*8*8/4+4*8/5-6/3+2-2+9/8+8+1+7+9+8*7+9*3-7+6/3+6-2*8/6/7-8-5/7/7+2*6*7+1/3-5/9+1-2/4+3+5/2*9*1/8-1/4*8*9/4+1*1+6/4+5/2*4*4*2+6/8,-662.98
23,2*6+8+5/8*9+9/9+5*6/9*7*8*2*6/3+4-4-9+6-5/4+8+7*2/2-3/6+6+9-1+8/4-7+4*6*8/8-2+2/5/9+3+2-7+4-6/6*2+3/9+2/6-5/4+8*9-1-9-6-7+7-9/6+2-6-2/8/5*4/8*4*3*9+3*3+9/7/2/5+4/5+5+4/5/3-2-3*5/8/5-8+9*9*3-3+7*5*1-4/1/9+1-2-7+2-9/5+5-6*6-9*1*2/5-8/8-8*2+1/9/1-1+3/2+9/8+5/3-9-3-1/9*5*7+7-2*7+4*9+4/1+9-4*5/8/5-7+5-4-6*8+9/2/2+5/5+5+1-7+7+3*1*3-5-1/8*8-6-6-3-1*8/3*2-3+8-4-2/6*8*6+1/8-5-5-9*8+6*7-7+5,991.83
24,7+4/6-3-3-8/6+3/9/1+7/1/4/3/3+6*6*1*9-5+1/4*4*9-1/6+8+4-8+9-1*1/5-5-1+5*2-3/4+1+7/9/6*4+8-7/1/3/8-2+7+9+6/1+2*5+8/3/9+1-9*3*4+1/9-5+4*1+8+2-3-1-4*1+8-4+7-9*7-5-3*2-9*1-1/3/3*4/6*6+3/2*9+9+7+3-5-4/1*4+3*4*8/4+4*6*3*8/8*5/8+6+9*9/3+1/6*4/9/8*6+3+9+6-5-3-6-3/8*2*6/2*5/1+2-2*1+2*8*2-2+5/1-1-6-1/4*2+1/4*8/4/1*4*7/6-2/2+8/4-9*4/4/6*4*6+5+9+4*1-7-8*4/1+6*2+7/9-1*1-3+7+1/1-7/3/7*3*8+3+9-4,302.85
25,7/1-6/1/2*1*3/1/1-3*5*7+2*7-3/2-6+1*5-2+4+4-8/5/3/4/4/3+2+5/5-3-2+8*1*5+6*1+9*6+6+6-6*7*6-2+1-5*9-8+2-9*9+7/1/4-7-1-1-2/6+6+2+7*1/2+1+5/2/1/7-8*5/2-2+9+6+6*1/7/7/5+9/4-6/1+9+1+9+8/5/4*7+2+1+9+2*8-3-3-3/5+7/6/5*5+6+4+3/1-9+3/6+2/9-8-3-6+2+8/4+1+3/8*5+4*2/8-4/9-7*1+2+4*9-1/6-2+5/7/7*8*3+9+3*9*3*6*9*8+7-2/2+7*8/5*8/4-6*4+7*7-9/8+3*2-3-8*9/8+8-1+6/5/8+4+4-9-2*5+4/2+3*2-6/4/5+5-5+9-6/2,34757.96
26,1-1+7-8+9+7-5/9*3*2-6+5+9/7*4/8*2/8+3/4-8/9-9*9+3+1-1-3*1+7/5+9-6-9*9+2*9+7*1+9-1*3/3+6/3*3/7*9/4/8/4-3-5/4+1-4/3*7-7*1-7*8+5+8-7/6+8+5+5+9-6/5+4-8/4+2/6+5+6+7/6-6*5+4*1/2+4+7-9+7*1*6+8*4-5-4+5-2*9*4*4*4*1-6+5+3+3-1-8*1-2-6*1+3-3-7+5-9/7-6/8*9*8+4*2+4/8+6-9*5+2+8*4+5/9-4/5*7+1/9/9+3-5-2*5*1-6/4/8*6*5/3*8-7+8*1/2-1+5*5+1*9-5/9+5-7/1*3/6/5-5*1+4*6/2-3-7*9-6-5-2*4/5+1*6+5*2-1-9*9-5+1,-1450.97
27,5+5*7/9+3/6+5-5*2-9/8+3*1-8/2-8/7/1/3/6+3/2+9/8/9*7*7*8*9*4+1+1+5/7-9+1-7/4/8+9-4*7-1*2-6+5+6+8*6*8-7/4/1+5+2+7*6+2*3/2-6*8*1-4/1+6/7-6+9-4-2+6*9/2-1-9/3/9+3-8-8*6*4/2-1/8+2+2-3*1+8-3/8*5/9*4*5*5-3/2*3+8*5/3+7*7*4/2+6*9-9-5-6*6*1*7+8-4+1/7*8-9/4*1*4*6/3/1/7/5*4-1*1/2+9/6/8+5+4+8/4-2*7*9*3/3-6-5-4*7*5+5*4*8-2+6-2*3+9+4+4+4-7-9-1*5+4*6+9-7/2/6*1+8+1-3+2*8-2-6/1+7/7*7-1*9*9*5+7*4+2+4,1511.03
28,7*7*6*2/3+9*1*3*6*7/5-8/8+6/1+2-8*5*7/5+2/3-4/5-6+4/3-9/2*8+6+8*8*3*4+2*1/7*6/1+7+3/2+9*9/3/1+2+6/3/6/4-7+7*5*9/8-6*5+8/9-8*9-9+5*2*8+5/6/8+5-6-3/4+3/1*5/6+2/4-9/6-1/1+4-6/2-1-3+4/5+4*6-5*8+2/8-1*3+2*3+3/5+1-8/3-2*2-1-7+1+6*8/1-6+2/3/2-2+6-5/9-4/4+1+7+3-4-5+9/4/7/5-2*6/2-9*6-2/7*5+5-8+6+9/4-5+6*2-1/5-3+4/6/5+6+4/3-8-9/8/3/2-4+9/4*8/4/2*9*4/5-6/3+6/2+9/4+7*7-5+4*5/2-3+9+9-4+6+1+4/3,1202.92
29,1/1*6*2/1+5*3*7-6-3+5+4-8/6+4+4+2/3*2*9*4/9*1*2/1*4*2*1*6-7*6*8+5*5+1/8*4/4-3+9*1-1+1-2*5/2/3+9+6*3/4*1+9-2/3*5+2/7/9*3-4+6*9+5+6*6*4*1-4-9/6*3/1-1*7+5/6-5/8/9+3-8/7*6-9-8*7/2*6+1-8/3/1-8*6/4-6*7-7*1-8-1+2/5/6*9-3/1*5/3+5-1+5/2*8+9/9+4/1-3+1-8/1+3*3+8/7/6*9/2*7/4/6*6*6*4-7/5/1*4-7+3+3+3/6-3-8*7-8-3-9/5-2*5/6+5/6+9-5/6/2-2-2-2-2-7/5/5*2-3/4*9+1+1*6/5+7*8/8+7+2*2-7+4/6-9-1/2/5/1*5/2,258.88
30,9/5/5+2/5+6*3/4-6-7+4/3-2-2/1/8-8/1/4+3+5+2+1/4/6*6+2-9-7/5-9+7*6/5-4*6-6*2*4-5/5+8-7*3+8+6*6-5/9*9-9/1-3-2-8+4-4/1+5-4*2-6-7*2*4+5*3+9*6-4-5*9/3*3/7*5*5-7*9/5+6*2-3+6*8+9+7/1+1*6/3/2+1*3*1/9+3/1-7-1*2-8/3*8+4-4/4+9/6*9/8-3*2/8*4*9/2*5-7/9/1/9+9*3-9-2/2/3+7/3/5+7*3+1+7-6*8-5/6/6-3/7-5-7*4*9-8+3+1/3/2-7/8*7/3*1+2+4-3+1+3*7/6+5+4-4-6-8-1*5/6*7+4-6-5/7/4+1+1*5-3-2+6+4-9/7-7/7-4*8*2/8,-541.73
31,6*3*5+3-8/2*8*1+8+5-5-6+5/3*7-8/1*1*2+5-1*9-4/2/6-4/8+4+9-6+8+7+8+8-3*9/7-8*8/1/8/1-5+6-2-8-3*7-6+8/9/9/7-9*5/2*5+4*2-1-8/8/2/4-6*4-3-3/4/2/8+9/3*8*1*2/8+7*9*4+3-3+9/1*7/2/4/6/2-4/7/6/9-1*2*6-1-1+1*3-4*6+6+6/2+3/4-1+2-9+2/6+3-6+7*2-1+9+7-2/1+4/6/1/5+5*8*2-2/4*3-8*1+8*5-5+8-5*9*3-6/5-2-1+6-1*4*4+2+7+9*2/8*6-5+1-3+2-3/8-7-5+9*2+7/5/9-2/7/2-2*5-7/7/4-1-9+3-1*3*3/9*8*1/5*2/8-6*3*7*1-2,2.97
32,4/6-6*1*7/5+4+9-2+3/6+6+5-4+8-1+7+5-8/2/3*9/8+9-9-8-4*5/6+6/8+2-2*6/7+2/8/4+6-3*9-9+8*7*9/9*6*8-9+5*5+4-4*3-3-3+3+8/8*7-2*7*5+3-6*6+3-3/5-1-3-3/7+9+6-8+8/6-1/2-6*5*5/6+2/3+8*4/5/3-3*2-4-4*5-2*4/8+3*2+4*1+6*4/1+1-9-1-8*6*9/5+8+7+6+6-4+4/6+5/1*8-4-7*1+2-9/6-8+1-8+1-1+6/8*6*7/8/2-7/3+5*8/9*5*5-2-2+9-8/5-1*1-4+5/7-2-8*7-4-9*7+5+6/5*3+6/6-2+8*1-6+7/1-2+7-9/6-1+1-3/1-7*2*4*8*4+3-6/9/2+4,731.03
33,5*2-3+9-1-5*4*8/9*4+9-9*9-1*7/6-5*5/5/4+9/2/2*5+7-3-2/6+1/5*6/3*8/4/7+3-7/4-9-1/7/8/9/3/5*4+5/6/1/3/4/8+2/6/7*5+2+1-7+5/4+1+9/3-2/5*7+5/9-6*9-4/2*6+8-7/7/7-4-8*7+1-3+8/6*2/5*5/7*6/7/1-9-1/4-5*2/4-1/4/7-6+9+2+8/7-2*4/4/5/5-4-6*1+2/8-2-2/7/6+2*7/6+4-8*2+3/3/5*6*2/8-3+3/5+5+6/3/1/2/8*3/3*3-3*1/7/8*5/5*1-9+4*4+3+1+3*8-2*1+2*2-1*3*4/6-4+7*9+9+9+4*6-6*2*3*2-3/3*3*1-9-8/2-1-8+1/8/2-4+8*3,-208.71
34,7*9*6+2*9*7/6/6-1-1*6+2-4/4-5-9*8-5/4/2+9-9+4/3+7*9+2-7*3-9/5*1-3+1+6*6*1*4+9-3+1/1/5-2+5+8-2+3+8-9+4*5/9*3/1+1*5*2+4*1-2-9+5/1/1/4*2-7*2*4+9/6+7-2+6/1-5-7/5+7*7*8*6*2/9+4-3*5*4/3-2-6/8-5/7*7/7*4-3/2-3/4*9*1/4/5+7-1+9*3/9-9-6*7-1-8-5*9-6+1-1*2/1/7*9-3/7-9-6-9-5-2-3-1-1/7+4/4-5/7/9+7/6*6+5+3+4-5-2+5*7*6-9/3-7*3*1/7/2/9*2*7/6+2*7/6*7*7/2-5-8+7+4-7+1+5/6+8*4+7*3-2*9*6+3/5+5/9+3*4+5/5,1051.64
35,5*1/8*6/6*5-1*3-9/5*2*1/1*2+8*5/3*6*7-3*5+8-9+1+6-4*6/6*7-6/6-2+5*2/5+5-6/2/4+7+6+4-1*6/1/3/4-3*5-5*4+5-4-8/9-8-1*5*9+3-4-1-4*9*4+5+1*7/3/9-7+6+5/8/2+7*6*2*4/2/7-8*7+5-1+3+3*8+1/1/8*6-5*3/4-3+2+8*7-8+2+5*5+4/3-5-5+8*2/9+3+3-4-3*8-5/7+2/9+9+2*7-6+8*3/8*3+7-3-8+7*2*2/6/3/3-4*2/5*2/7+3-6-2/8/4/9/9*4-7-3/3+6-7/4-9+7*1-8/4/1+3+4/4-4*7/9*6+4*4/6*5-7+7+5/4/9-9/6*8+5+4*1*4-8/8*5-9+5/4*8-3,359.09
36,1+7+8+3-8/7-9*7/5/3+5+2/5+4/2+4/6*1*2*9/5/7*5*7*6-3+9-8/5-6/1*5/1*3/5-7+1+9+4*5+4+5/9-7/5-5/7/5+6*8*2*4-9+5/4+1*9-9-1*4-9/6/6+3-9-1/3*4/7/6-2-6/8/3+5+3+3/5-4*4/5*5*1-2*5/6-5-4/8+1+9-2+2*1-3*5-8+4*9*8+6/5*8*3*1+6-8*1/9-8-5+4-2/8-3*2-4+3+3+2*2/8+9*8*1/9+6/8-9/5/4+2-5+1+9*8/7-4+6+4-1/8/6/4-6+6*5*2-2+4/5+8+6+6/3*6+4/1-3+2*6/7/4-7*6+1+3/8*6*4*1*8/8*5-3+6*9-5+9*4/8-7/9*4+9-3+3-7*9+2+5-6,851.98
37,9*4*2/9+2-5+6+4*7*9-8+5/3*2/9*9*7/1*7+4+7+4*3+7*1+2/1+5-4-9/3*5/4+3/5*1*3+1*8/9/7*8/5/8*9/1+6*3/9*3/3*6+8+4+2-8/1+1+3/6+2+3+2*2*9-5+8*1*3+1-4/7-5-6+4-8/8*1-2-9-1+2*1*3*3+6+5/5-9-2+6*9+5+8+8/4/1+3-5+1/9/5*2/7*5-1/9*5-3+5+4+3+3*9+7+6-8+1+3*3/2+6+3-9/8*1*2-1/1*4/2/7+5-2+3-6+6+8-6+3/2/4*5+2-3*2/1+7/7+2*8+7*8/7-9+2/4-8*7*2-9/5*6+9+9-7-7-6-6+8+1/6*4+9-4*9+8*7/3+6-2-9+7-1+9-3*3+6+8-5+9+7,560.89
38,8/9+8-5/1-9+4+2*7-2/6+7*5-4/6*2+1*6/2+8/3*1/8+8+2+4/2-9*7-2/3*8+7-5+6/2+1+4+2+1-1-7*7+7/5+8-2/5+1*7-6+3/3+3*2-6/5*3/1/9*2*7/6*1/4-8+7-9/6-4+1+7/9/3*1+6+3-3/6/9-7/1+7/6/9-9+8/8-3*2*6*8+7/1+4-5+7/6*1-4*8-4*8+6-5/3*6-6-7+6*2/9+3+6*5-4-4-7*9*1+4-6/5-1/9/6-4+5+6-7*8-7+4/9+8+6+8-9/3/4+2+2+5*6/8-6*5*7-2+6-1/4-3-5+5-8+5+4/2+7*1/5/9-1+6*6/3-8/6-5+6+4/5-6-5+3*5/5-1*9/7-4*2/2*4+7*5+1/6*3-6/6,-649.87
39,8+9-1/8/6-9+9+3/2*4+7/2-4+8+1-2+1/5-2*2/6*8+3+4-4/9+2+8/9/6+5-1*9/8/5*2*9-6/5-5*2*5-7*5-2-6+7+2/8-9-2+6+6/7*4+3*1/3*2+4-4-7+9*2/6/5/7-9+6+1+5/8+4+3/9*4*3/6-6-4*5/6*4+8/9/9-3-8+8-7-2+1+5*8-9/9*1-9+2-2/1-2+8*2/4*6+2-4-9+1/5*5/9/7/7*5/4/6-1+8*2/3+8+9-9*3+8-7+9/9-2-2*9*6-9-4-1-7-1*8*3-7-5*2*6+8-9-8/6-8*4+5/5+8/6-7-5-8/5/3/1-6-7-7-2*6-4/5/2-2/6-4/1*7-2/3*8-7-6/6+2-9/4/4+3/8+5+4+3+5+6+6,-358.83
40,8*6*6*4+6-8-9-5-1-8*5-9/8/9+6*8-1+4*3-4*7*4+8*3*9+4+9*8*2+6-8*6-8+3/4+9-3-7/9-6+9/2*5/6/4/1+8+2+1+3+9-8*2*5*9*8-9*3*5/8-6*5-7*5-3-6-2-2+3*2-1/3*3*5+7+3/3-9*5*2+7*1*6/8*5/1*4/4/2-7/5-5/5+5+2*6+8/2-7-7-4+6+6/9-4/6+9+4/4*8/1*5+2*7/4+1/3/6+6*3/3*6/9*3-2+7-9*6/7-6/4*9/2+6*4+8*4*4*3*8/2*3/7/8-7-4-6-2+1/3/7/2/5-6-6+5*8-6+9/9*1/5+1*5+3+5+4+9-4/8-1-5/1-5/4-9-8/5*5+5*6-5-9*4+5-5*3+2+7*6/6-9,-4391.53
41,9+4+6*1*5/4*6/8-7+4/3*7-7-7*8*1*7*9/7-8/9*7+6+2*8-3-7-7/8-7-8*5-9-8/9/4-3/3+9+1/4/5/9-7-5/8-9-6*8*3/6*6*3/9/2-5+2*7/3+9*9*1/4*8/9-5*7/6+3+7+6/5-5-1-7/6/9/3/4-7+8+2+8/2-3*1-1/8/9*2*4*4+5*5+8*6/8*2-5+7-9+3*9/5-6-1*7-2+3-7*2+2+9*6*6/6/2/4-8+8*3/7*5*4+5*3/2+3*6*4*2*3-6-5+3*4-9-3-9*7-3-8+1+6-2-9/2*9/9/8-3+1+1/8/8*6+1-5+4/7+3-2/7/2*4/8*8*3+2+9+3/5*9*3+4-1/9-9-1-6-8*1-4+9/2/4*3+4/3+1/6*1,-111.83
42,9*9-9+2+7/3-4/8/1+5/9/3+3*9*8+6-8/6+1+4-9-4*4-3-7-5-2*9-7-9*7*1+5*3*4+3/3+1/7+5-8+5*7*2/4-3*1+7/8-5/7+9/5/9-1*6/8-5-9+7+9*3/2+3/1+9-3-7+2*8*8-1-8-9+4-2*2/8+5-5+8/6+3*8*7*6-9/6/9-8/2*5*1*5*9/7/8*2+8-2-6+7-1*1*4-2+4/4+6/7*1+6*5/7/3-8-7*8+2+4/8-9/2/5-7-8*2*1*5*1-1-9+4-5/5/5+5/4/3/6*5/5-5/7+2-6/7/8+5/4+9*6*9-1+1-4-5+7/5*2*6*9/4*3+1+7+5*4*1+3-5+8*2*2/8+3+9-6+7-3*2*3-5/5-9+6+1/9-5/2/6*3,1806.41
43,2*6-2/6/6*7*5/9/7*8*1*7*6/3*2*9+1/7*6*6+6/9+3+2+4/6/2+4*1*2*3/1/8-1-5/4/2*3*1-2-1+1+4+7+9+8/8+3/5/1+6/1*1+9/9*3+3-5-8*8+1/5+1+7+7+8*8-3/5-7*4+3/2/7+5+9/8-1/9+4-7-8-3-3*7-8*3+9*8+8-1*6/9/9-8/1*9/9+5+2*9*2*8-9/9+2-3+8/7-9-5/6*9-2+8-8-1+6/5+5*4/6-2/3-5*4-7+7*2+1/6-9*1-3-6/5/1-1-9*7*2-3/2-5+6/5-6-7-7*6/4+2/2-8*5*6-8*8*1-1*7*6*7/2+4-7*5-8+3*3/8/5-4/2+8-1-1/5+9+8*2+7-2*3*7-8+3*5+2*4/6*5,-392.23
44,8+3/2-4-6-3/8-9/4/8/7/5/8+3-1-3*2+3/3-3+1+6+1/8-4+5-2*6+4+9*4-3+7+6-8/2+3-6*6/3+9*5/3+5*6-1-3/6/3+4*1+5+5-8-6/8-2+8/7/9+5*5+3-9-8*3/6/6-8*8/8-1+6+4+8*2+7+1/7/3-6-9*5-2-1+9*3/6+9*5+5/9-4/8*8/5-8+4/8*6+4*5+2-8*9/6+4+2-7+9/5-4-4-6-6-4+6-3+3/1*2/4/4/4+3-5*2-6+4*7+5/8-7*9+5*3/4+9/4+1-8-9-5+8-7/4*9-2/3-2-1*1/9-8-8/8-3*3/7-4/4*1*5*3/5-6/2*3-1-9-1*5*5/3-6+2+9+6+7+3/4*7*4-4+8/4-8*5-3/5+3*8,2.87
45,5+5/3+3/6-2+4*2/3/6-8-7*2+4-2+1+6-5+4-9+4/2+4+7/8+8+1/4+2/7-3-7-7/5-8/9/7/3+3-2/9+6-9*1+8+6/6-6/9/6+9-9+5/1-2*6*3-4+8+8*5*5+2/3-6/2*1/7+7/6+7-9+1/9/9*6/6+8+3*8-1-9/2/2/2+1+6-1*6-5-3+3*1+2-6+1+4*1-6-9-4-6-6-8*3*5*5-8-6*9*4/9+4+4+4/4*7-2/4*8*1/1+6-7-4*4+3+5*2/1/5/4+4-3-3/9/8/9+1*5/4-6-4/1-9-1-1*5+3/3+2*9/9+4+6+2*8/6+3/3-1+4-5/8-3+2+6/7+1*6*8/4*4*5*2/8-1*6-1*8+8/8-3*9+7+8-9/7*3*5-3+3,-459.1
46,5*6-7*7*2+9-3/6/1*4-1+3-2-4*3+1+5+1/6*2-5-2/2*9/2*9+3+8/9+1-8+5/2*5/8*3*9*9*2*8+7-1*3*5/4*3*7/7-2/6*9*8*4+2*6-7*5-5*5-6-4/3*3+5+6/4-7*9-7*2-3-4+1-5-9+7*5+2/5-4-9*9*9-9+9-9/1-7-5+4/2-6/2-3*5*8*8-9/1+2-8/3*5/4*4-2+1/9/3/1/2/7*4/3/7-4+7+4/6-8*3*3*5*1*2+4-8*2-4/2+5+7-5+7+5/2/5/1*9-2*3-6+9+1/1*3*1/4+4/1+5-3*7-7/7*1*1/7/2+4-4/2/2*3*8+9/6-9-3*2+6/2-9+1*5+5-7+2+9-6/7-6*7/4*6-8-1-6-6/5/8-3,3175.38
47,4-2*1-2/7+1/8+7-7-9+2*7*1*6/9*9+4*4+2/5/2-2*9/1*8-8+2*1/7*9*4-3-7+5/1-5-8-9/3+1+6+6+2/9+1/6+7+5-2+2+3+7/4+3+9-1/2-3-4/1/8-7/2-1*7*8-2*6*5-2-8*5+6+6+5+5/5/2/7/5*3+4*7-8/3/3/7-7+1-4-8*7-4-4/1-5+6*4*4/4+5+2*4/7+1/4+7/6+8/9-1+9*9*1*9/9/8/3-6+4/1/7/2-2*9+3+9/8-6/2/5-7+5+9/2+8+5*2/7+4*9*1/2-9-2/6-8+3*2/9+6-8-7+7/1*3-6+3+3+4*2+5*4*9/9+1/8+2/5/2+2*6*6/4/5-9/1+2+7-3*3+9/2-5-7/4*3/6-7-3*6/3,-178.67
48,5-5*7-6+1*5-7/1*8*5*6/7+6-2*9+4*8*2*8*7*9*4-2+9/3*5/1-2+4-5-1/1/9+3-6/5*9*6-9/9+4/7+9*7-5+5-2+7/6/7*4*4+4*1/5-9+4+8-8+4*6+9+2*7-6*8*6-6*1/3*3/1+9-9*4-8/4-4-9*6/8/1+3-6-6/2/1/5*9*6*9*5*6+3+3*3/7+2+1*7+1-3/2-2+9+8+1/1-2-8/4-4-9*1-2/2+9+1+1-3/5/2*3/8+2+3*2-2-7-6*5+2*5*2*8/6+4+2/6/4+3+1-6+2*3*9/2-5+5/5-7+1+5-3/3+7+1/3-9-1*6+4-3-7/7-1+1/1/8/8/3-4*8-4-6+8-5+5+8+1/1-9*6+8-3/2/1/7/7*7*8-5,119664.42
49,8-1/5*9+9*3/4/6-5/4/1+2-5-3/5/1*8+1/1+7+8-8*5+5/9*9-3-4-9*4*8/1*8/7+8-9/8+4+4*6/7/5*9/5*8+2*6/4/9-6*7/1+2+5/8+8*9*3/6*7/1*6-9+6+3*5+2+3-3-8+9*5+4/4+9*9-8+3/8*8-7*7*3-9-4/3*9/1*7/6/1/1+5/7*5/3/7*4+2+5+4/2*1/9*6-2*2*6/8/5/5*4/8-4-4+8+9+9*8+9*6-3+1/7-4/8*2-8/9*3+7/6*4+5/5-6-3/9*8+6-7*5*8*1+4+4-1-8*6/2-9-1/8+4/6-9-4-6*1/9*8*3/6/3*6*7+8*6/3*8-6-6*9+1+8*8-8/6*5+9-7+6*9-5*4/3/2*8-4-2/1-1,1028.14
50,6/8+9/4+5/4+9*5/5*9/4*4+4/9*1-6+5+2-6/3+5+3+7*8+4*7-9+6/1-6*8/6-5*2*4+2*7-1+8+2*7-2+6*5/6/5*5/8*4+3/4+7/5-9/4+1-1+1+7+6*1*5-3/5-4-4/1+8-2-7+5+8*2*2/7+5-7*7/7*5+7+2-5+8*8-8*9*8*3/2/1/8-2/3/1-9*1/8+4*8+4+7*8+5+3+1/6-9-7/4*5/5*3+8/9*9-5*5+8*4/6/3/8-8+3-4*2-9+6+4+7-8+9*9+3/9/5*4-3/6-5/3/8+2+1+7+9*9*7/4*3-5+7+2/8*4+3/5-9+4-6+2-1*8+9-4/8*9-4/9*7-2+2*1/7-5-3-8*6+9*9-9-3/5-1*6/8-3/3*5-4*7,667.15
51,5-6+5+9*5-3+2-6*5*8-1/7+1*4*7*2*6-9-9-1/4*3*5*5/5/2/4*6/8+1+8*2+7/6+9*2/2*6*6+9*7+8*2*6*2*4-1+4+8*7*7/7+4-9/5+6/5+1+4-5*2+5-5*8/6*6-7/5*8+7-3-4-6*2-6+4+1-7-9+2*5+6*6/3*4-1+2/5/1/2+6+4-5+1*5*6*2-3*9*5*4/2-1/8*7*9/6/4/8-9-1+4*4*8+6-3+4+5/7*5*9+9/5+9-5*5*6/9-8*5+9-6/1*6+4/7-5/4/4*1-5*2+8-2+6-7/5+4*9-8*6*3*5-6*1-3-4+1-9-6/1+4/5*2*5+5-3-2-7+3-4/9-7+2-9*8-7-2-6-6*6-2-7+7/3-3*9+1-7-5+5/3,339.72
52,9+3-8+8+8*9+8*3-3/8-1+4-2/7/6-3+5+6*4*8*7-2+1*4+9/6*1+3+3/3*6-9+2/7-6*4/3-6/5-9/2*3+7/5*2+1/9*5-1/6-6-9-5*3+2*9+8/8+9*8+6*1-9+8*8*9*8-2+4-1/9-4/8*7+1-3+9-8*2*3*1-9+9-8-5+1/1/8*8/2/8*6-4*5-1*1-8/5+2-2*7/7+4+9/1-6+3/8-3+1-3/1/3+7*7-5*4+2*6+3-9/2+4+9-4+1/8*5*9/2+9/7*6+8+2/2*1-3+4*8+3*2*7*4/9*2+8/4-9+8+6+4/1-1*8/3-3/1*1-7-3*5/7+9+3+4/8/8*4-3-6/6-7-8/8/1+3+5*4*1-4*1/4-2*1+8/9+1/6+6*7/6,6192.25
53,6-7/5/6+4+6-2+3-5*2-4-3*8/2/9*9-9-2+3+1/9+3/7/5-3-1/7*9*8+3/8+6/8-3/4*3-2+2-5+5+3*7-8+5+5*7+1-1/9-3-6*9+2/9/2+1/1-2*9+4*7*3/6/6+9-9+3/7-1/3*4*7+6-1-6-6*7+7+2-9+3+6/6-1-5/6-2*3-7*3/9-5*7*8-1*9*9/3*9/2*8*3/3/8*8/8+6*5*3*6+8*5+8*3+5*4-1+9*9/3*5-8*1*4*5-8*3/9+8/6/8+7/1-8-1-5*6+2*7*4-3/1*5*2/9/5+1-2+2-8*1+4/7/2-8*1-6+6-2+2-6/9*4+4*7-1/3+1+4+5/4+1+8-3*5*4*1+6-8+9*1*8+9+2*1*1/5/6/3/7+7+2,163.69
54,4/5+7/3-7-6/4/6+3-8/9*5*6/6*5*4*9/8/9/8+6/1*8/3/6+7+6-3+9*4+2-4*6/7+5*3+1+8*6*8/2+8/9*1-4/5/1-7*9+4-1-9/1-8/5-2*1*8*5-6*7+6*5-8*7-3+6*5*3-1+3-1/6*6/1+5+8/3-2*4/3/2-2*9-3+6*6*9/9*8-1*6*2+9-2*9*1*3*8*9*4+9/3/7+8-7*2/3+8+7-2*5+7/7-1-4+7+7+1*3/9/3*8*8-3+8-5*5*5/8*7*4/3-5*9*5+8/3+8-5+1+7-3+1-6*7+9*4+7/8*5/8*4/1/7-3*1+7+2*1+4+2-6+2*9+4-4/7+5*1+7*4-3+4-7+9/5-7+4*3+5-4-7-9*8*6/2/8*8+7-9+4,-15652.2
55,7-7*7*3/3/9+4*8+3+6-4/1*7-8*3+9+4/8+5+9-6/6+4+4-8-1*5/4*7-1/7/8+4/3/5+2-1+1/7*7*8+4+6/3*1*7/2*3-4-1*4/3-8*5*2*2+8*4-6+7/9-4+6-7-9-7*3-5/7*9/1*9/2+1+5*9/2/2+6*2*8*6/6*8/8+3/5+4-1-2-6+7*1+5/2+3/7-7+4+7*9+7/8-6*1+8-7/2*5-3*4/6/1*5+8+9-4*2*5*6/2/3/7/8/4/4*8/7-9-2*6-6/7+6/3*3-4*7*3/2*6*8+4+5-4*5/4-1*2/9*2*8*9/9*9+9-9*7/3+1*6-4+5+5/3/4-7*9*9*9-4*9*2*5*7*7/3-6/7/2*7+8*8*6+4+1/3-3+7/2+5-1,-12655.43
56,1+6/2-6/2*7+7*7-1/1+8-8*1+9*2*9-9-4+8*2-9-2+2*5-9-7/9-4+2+8/1+5-8/4/8+2*5*4-4*7-9+1/7/6*6-6+4+5*9*3*1*3/9+1/6-3-9+3-3/7+7/9+1/8/8*3/5*3+7-1/9*7-7+4-9/1/8+7/2+7/6-7*1/9+9/2+6/8-2/4*7*5/5-3/4-6*1-6+2+2-1-9-9-2/8*8/5/7*9-1*9*1-9+1*5+8/8+1-7-9/6+1/1*1-5/9/8*3-7*4-7-4-1*1+1+2/5*9-4*9*6*2/4+1-6-8+8*9+5-9-7-9*7/6*9+8*4*8*7*1-3-1-8+4/8/7*5+5*7+4*2+4-3/7/3*9+8-3+9-1-7/5*1+4+3/6-8-5-3+1/9/2,1830.75
57,3-8+3-9+8*8+5/3-9-4/3/2+9/7-1*6+2*8*1/2+6/6-5*1*6*1*1/9*8*6/9-6/1+9-4-1*4*7*7/1-5*3/8-3+2*7/8-6*4/1/5*8*1+8-2*9+6/8*7-6+3/3-4-1+6/8*5+3+8*8*3+5*6+8/1*3+4/3*5/9*5-7*3*6/8/6/3-5+2+3/6-7+2-4-6-3+3/7+3/9+1+7*2-4*6+9-5-4-1+3/3+2+8-2*7/1*9-9+6+7+5/3+1-1+4*6/8/2-4-4-6-5+3+2*1-5*7*9-2-4/8-4/6-9*3/2+7/6*6/8-9*1/7*8/4+1-7/2*6-8+7/7/7-3/4*2*4+4-8-4/9+6+9*2/1+4/5/9/1+7-9-8-7-7-3+1*1/5/2-4+7*2,-482.24
58,6+6+9-1*6+9+7-2+6/6+9+1-8+2*7-9*4+1*6*3*3*4-1-6*5+9-4*3-7*2+7+4-3*4*7*7*3/6/5+6-3/8*7*8+7+2+6*5/1/5+5/2*9/2/8*2*8-8-4*3+6/8/5-4+3*8-6+9*9-5+6-8-1+5*3/3*2+4-3*9-1/2*8/2/9/2-6+3+3+4+3/3-8/1/5*6/5+8/1/6-1/6+4-7/7-1*8/9/3/8/8+7*6-2/1/6/5-3/6/8*3*9-4-4+7+3/6/6/1*7-4+2/5-6/6/5+6*7*5+8/8*1/2+6-1-9/7/6/7/3-3/6*4/3+6*6+9*7-8-5+7*6-7/9+6+7+8+8*6+8+9*3/6+7+5*8+3*1+4+9-2+7-3+8*1/1/1*6+2/8-2+7,791.81
59,5-2-4/1-3/7*4+7*5/7-6/7+1-8+3-3/1*6-8+3+9+8-8+8+3*5*5-6/8+2+6-4/2-7*2-8/5/2*7-3*7+4/6*1+9*8*3+1-8/3+2/3*1/2/8*9*1*3-4+9/7*4+1+4/3+9*2/5*3*1*5*2*8+9+8*7-3*1/4/4+1/2/4*6/4*8-4+3/3/8+7/4/3/4/4+4/7-8-6+7/6+1*9*6+4-4-8+5/5-4/8+9-6*9/7*7-3*5/8-5-8/3+4+2+3*5*4/9/5/6*5*8/1/6+7+2-5*6-7/8-1-3*2/7/1*1/9/6*4-5*3*9*1+2-4+8-7/2+3*6+2-7/3-7+1+1*7-7/1+1/1-2*2+9+2*8+2*6-8/6/7*3*6/3/9-4+4/8*5/9+5+3,1058.71
60,7+4+3-5/4*4+5/8/3+5+2/7+9*5*3+3+9/7/6+9*7+2-5+9/4-7+3-8/5/5+5/9*5*7/3-7+3*2/1*1+2-8*4+1/4/5-7-8-1*9/6+4/2-1-7*8*3+1-1/9-5/7*2*8+7+5+1+9+3+5*8*3-5*6/2-8+1-6/6+4*4/3+3-6/9+5+4/7/1/4*6+4-4/3-8-8-9-9-7-6*8+6+6-6/5*9-6-8+8+4*6-4+2*4+5-3+1/1*1-9/1-4/9*4/8*3/9*3-7-1-4+7+4*1/8+7*7/2+6+1-2+7-4-9/5*8*4-6/6+5*7-8-2/9/5*4/2/3-3-1-9-5+3-7*1-3*7+9/4-7-9-4*5*6+8*6*5-8+5-2/4-9-2-7-9-3+9*5-4/7*8/2,127.13
61,6/3-7+5+6+5+5*8+8-8*9/5-3/8*8+2*7-5*2+6-2*1/4/5-6-4/2+9*4/3+1+9*7*7/3-5+7-9-8-1-9-9-2+5-9/6-2*5/7*2+1*3+1+7/4/6*1+3+6*5-4/3+2+4+4+7/7*7-6*4*7+2/5/2+3*5-4-8-2+5/4+2+2+3/8/7-4/2+7-4-8/8+6-6-8*2+6+2/5+8/8*6+7-2+9*3-1-4+1*5-5+6+5+4*9+7+9+3-5*2/3-9/4*7-8+3*9+7+3/4-5-3-5*8*7/6+9+3*3-6*9/9-9+3-1*8-6*8+8*4+4+9/3/9*8+1-1+2-3-4-6/1+2-1+6*5*8*7/1+7+1*5-4-8-6*3/4-8+9-3*7*8*1/4*3*5*7/8*5-7+2/6,-1005.75
62,1*9-6*2+4-1+1/9-8-2-9-6+4*3-2-9*3+7/6*7-9-9-8/9+7/3*6*4*2+7-2-1+4/7+9+7-8*4/4+4-2-4+5*8*4*7*7+4/4*2/8/8*6-5+7*4+8-6/8/8*7/4*8*5+2+8/3*8+7/7-4+3*1/3*2+1/6+1-3/4*8/8*4/4*5*6-8*6-7-7*9/8*7+4/3+4-9+7+4+2+4/6-5+6-7/6*3*7*1/5-4-4+3*8*2*3*1/4-4*7+2+2*2+4/5+6/5+5*6+6/3*4/8*3/3+8/3-7/8-3/2+3+5+6+1+2+5+9+9+4*7-8*3*7-7+1+6*1+5+3*3/9+8+7+3-3-5-8+3*5+9+1*5*2*7*2*5+7-5*6/1-9-5*6*6-8*3-2/7+8-5/7,8273.85
63,6+3/1+5-1-6+7-6-8*3*1+3+4-2*2-4-4/5+3/3/3*5*7/6/5-1/7/8/4*6-4+3*7/7/6*1*9-1+9-5+6*3-7+2+8/3/2+8-5+5*9-5-1-5*1/8+8*4/5+6/5+6-3*5/8+8+4+2-9+5-5/1-9-4/7*2-2+3+8/9-9*8/5+9/3-9/1/3+7+9+4-4/1-9-3*1*9/1-9-3*4*1*2*7/2-1+4-6/4/4+2/9-1*3*7/5*9-8-6*1+5-2/1-5*3-8*9/2*1*4/2+1/8+2-8-7*5-1*4-4/6-5*3*9-5*7*6+9*9/8/8+3+3+4-9*9+7-2+6/6/7*7-8/8*9+5-9-3/7/5+4+5-8-7*6*9*8-6*7+8*9+9/9-2+1-1/1/6/5*9/4+4,-3666.55
64,2-4*4*5-9+5*1*6-2-2+7*6+3-5*1-9*5-5*7-6/5+2-9-3+5-5/9-6-4*4/7/1+9/9-9/2-6+6/8+7/6+9/3*1+7*2+2/6*9/9/1-7+7*5*6+9+7/5/9/3/4*3+1-3-4+4/8*1+1*9-6-9/1-8*8*9+3+7/6-3-8*3-1+2+9-1*5-8+5/6/7/3*9*4/9*8+6/2-9+4/7-3-1/4/4/4*8-8*5*6/4-2+1*3-9+3/2+5*2+4-9/5-4/3*6+6+6-4+7/8+2-6*5/2+6-9/6/9-6-4*8-3-7+2-7+4+8-9+1+6/9-5-8*4/4*5+5-3+8+7/8*4+8/9-5+7*1*7+6+1-8*4-3*3-2+2*1+2-4/6+7/6-5/9/8+1+7*3*3*8-9/9,-137.97
65,8*1*5-6/2*5-3/2+5+5/3+8*7-3+7+8/5-6-8*4/1+1-9/2*7+1/6+3-1/6*2-4+7-5+7-8+6+9+3/2+7+8+5*6*8*7-2*7+1-7-1/7+2*2/8*9-9+3+9+7+6-1/4*1/3/1+6/4+5-5/1/2/2/2-2-6-8-4/5*2/5-5+9-7+9*9*3*3-6+5/4+6+5-6/5/6-8/9+4-6-3-7/7+8*4*2+6-5+3+7*5*3+1-1+6+3+4/7-7/4+7-2/8+6-1+5*4/3/9+6-4-5-9+7+6/4-2-2-2+4+7*4*3/8*5-6+4*8+3/8+1/4*3/7+4/4+4+1*2/2+9+8*7+7-2-2/1+5-8*2*4-2*9+5+7-2-2*6/2-5/4-9*2/1*5/4/1-6*4+6-8-6,2661.63
66,5/2/4/8*6/8/6-9-4+8/5+9*1/3/9/2*7/5/4*8+4+5+7/6-7-8/3-8+8*9-1/3/1-3-1-7*9-9/3*3-3-3*1/1-2+7+2+7/4-8*4-7+7+9-9-5/6+2-8+5-2-2-4-4*7*5-7/9/7*8+1+7*7+5/1+8+1+4-5/1/6+6+5/4+1-2*3/8-6+5/2*1+3-5-4/1-3*6/9/9/1*7+7+5+8/9/4-7*5*2-8-6+8*8-4/8-2+6/5/5/2-9*1-3+3+7+5/8*1+5+4-1*9*6*5*3/6/1-4-6*6-1-1+4/7-7+4-7*6/7/1/4*4+8-5*2/8/7/1-3+9/3/8*2/1*7*6/3/9/9-7/2*6*6/3/4+9+9/6-4+5+9+2/7/6+9/3/8+9+7*8+8,-238.71
67,7+4*7/6/5-7+5-9*7/5/8+9*3-4+1-1+4*3/9/4+8+6+6+3/9*9/4/6*5/2/2*2*1+4/1/9-9*8*7*4/1/3+2+1/5/4*2+3*1*3*2*5*6+9-7/5-5*6/2/3+4-2-1*6+3+9/3*3+5+4-7-5+1/2/2*9/3*7+7*9/2-7+1-7+4-4/9-3+2-4+7/2+8+5-9*1/1-9-6+7-3*7-4/5*2*8-9*6+6*9/1-5/7/9-3/5*6*8+8-1-3*5+5*5+5-6+1-1+5/8-4/2+1/5/7*5-2*2+6+8/7-1/2+6*8*8/8/7-3/5-2-2*8+2/1*5*6*1/8-8*7-8/5/9-9+2*7+4-9+9-1*5*1*4-6-4-3*3/4*7+6*6+2-1*6*7*6*9/8*4*4*6,-27372.49
68,9-1*3-7-2-9/4/4*3*7-6+9-2-3+7/7-9*6/8*6*8-4/5*9-1+5/8/3+1/6+9+9/7/8-7*5-5*7+7/6+2*6/7/1-8+1-2+6*9*1+4+4*2/6+6/5/6-6/6+9-9*7+7/9+7/3+1/6-1*5-9+5+2+6-5*2*2-8*9+5+3*3*9/7+4/5-5-5*3/8-7+5*6+2*6+5*8*8+2+3/3/1/4-8*9*2*4/6-4+4/1*6+3-6-3+2+6+1-5+4*8/2/4+8*5+8+3*4*5/9*9*1/4*5*9/3-5-2-1+5-9/1*6-3*8-6/4/7/2*2+4/8-7-9+4/7*4+1*2-3+2*4-3*2-8-3+2/2-5*1/4+3-6*1+8*1/6*8-4-7+6*1*3*3*4+9+1-2/7-7-6-1,170.66
69,5*8/3+5+2*8/1+2+7-1*8+6/6/9-3*9/2+6/9*1-4/7+7-8/4/2/5-6+4*7-9*7*1+5/4+2-9*9*6*6+6-7*7-3-9/2*7/6-9/6-8*6-5/2/2/9/2*4-3/7/3/4-9+2/3+2+8/9/7-4-9/1-8-3-3+8-4/8/6+9/6/7-2/6/3*5+1/8+1+5-4/6*1/4-1+1-8/5+3*8*7+7*2+1*3/4+7*1-2-8/2/8-4+8+1-1-4*1/3+1+7+7*1+4/1*7+5*5-2/4*9*6+2/3*5/7/5*6+8*1/9/6/5-9/1/7-1-3/8/4/8*5/9/2-5/7*9+7*3+1+9+8/2*5+2+6+5*1*9+5+6*2-4/9*5/3+8+2+4*7/2/2/9/2+6+2+4*7/8-5*2+8,-2684.3
70,2*9/7*3+5*2*3-2*2+5-1*8/7+8/8-8*1/3*7/7-9-2*7+5/5-5-5-4/9*1-9/8-2-3+2-4/7/6-4*4*6*2/2*9-8/5*7+9+6-2*6/2/5+4-4-2+3*1-6+1+6*6-2*1*9-7/5-2+5-7+5*7-8*3-4/1/3-5/6+3-1+4+3/7/6*2/3-3+2*3+8/5-8-8-5*5*5-7+9*1+5*3*2+4/9+3+5/3/3*4/1+3/1-4*5*4*7/5-8/3/3+6-8*6-7-8+3+4+8*1/4+4+3/4/6/9+8/5/2+7-8-1-4-7-4*3+1+2/3+5+2*1/7-9+2-7-4+8*4-2*8+9-5-7+8/8*6/6*2-1/7/9-6*6-4/3-9-7/4*7*4+8+1/5+6/4*3+2-7-6+8/7,-1204.04
71,4+5*4-9/5/4/6*6-6+4+4/1/7+8-5-3-6/8/6-8*8*3-9-9-1*6*7-4+5-4+2+2*6+8-5-2+4/2/7-9+5-5-8/5+4-3*6-6+7+8/6*4-3-4/3+5/9*3-2+2+6-8*6*7+2+8*2-1*4+5-4+4*5*3+5*5*3/4+7-3+6+5/6-9*4-9+6*7*1*6/3/6+3/5*7*6-7/3*4/4/8*6*8*4-8*6-2/5/8/1*4/8+3/4*8+6-7+8/7-3*1*9+1+2*2+1-4-1+2-3*9+5/4/4/1+2+9-4+9+6/3*7+4-2+6-8+2*5-7-8/4/1/6/1/3/7*4+6*9-2-5*3*1+9*5/4/5-8/5-3/9+1*6/1-3-8*4-9*8*1*4+4+8-9*2*6+3+6*2-6/3+2,-946.18
72,7+6/7*4-3/4*1/1-2*7+5*7-1*1-5-3-5/4-8/1+9*4-4+4/5*7*2/4/3/2-5-1-3-1*4*7+1/1-4+6+2-9-5-2+7-2*1-3-6+2+7+8*4-4-4*7*1/5*1+5*7*5*3+6*6/3*2-1*6+4/7+5/5+4/2/4+2+6*3/5*9*4*2/6*9*7-3-1-3*6+6/4-8/4*1-2-2-5+1+2-1+2*8*1-9*9+8+8+2-2+5/9/5/8*6/6/9/6+8/5-8/9/1/1*6/5/3-8-8/5+8+1+7+1-2-4+2-9+6+7+7/3-7/5*2-4+9*4*2+4/7/6*2+8+6-6*8*4/8*2+6*5+4-2+5*2+5/9*2+6-2*1*7*6+9+2+2+3*5-4*2+2-1-6/5-7/3-4/4/5+9*1,3248.21
73,6-7*9*4*5+8+4+3+2/7+8*7+8/1*1+9/6-6-3+7*9/2+2-3/5/1*2-5*3*4*1*7+3*6/7-5*7+8*5*6*7*2*2-2*4/9-4+5/7+4+9-5+6-4/5-8-3+9+5-6*8/6*1-6*5*1-3/4-3+7*2/6+4+9+9*9+6+7/2-5+4/3-5*7*4-8/8*2+2-6-8+6/3*3-9*1*7-7-6*6/2/4-4/8+5+6*6-6/3-6*6-9/8*8-2/3+5+6-9+8+5/4*8*4-8*5+1/3-1/6-4+1+2-7*5-2-6/6*3/9-1-7+2/7+4-3/4-1*7-4+2/1/6*5*6+8*9-1/8+4/9-7*2/7-5-7/8*1+5/5/6-5-2*6*8/3*4*6+8-4*3+5+9*9/9/1*1+9+1/1/7*6,4238.27
74,5*1/7*6*4/3*7-7*8/5+9+7*9/8*9*2-8/1+1*4-6*2-4+3*7*7+8+8*2-6-9-5*5*4/7-4/5*9/5-1-9*7/4-1-1-8-9-7-8/1*2*5-4+9*6*4*4*3+3+3+1*8*5-1+7/3-7-3-2+8*3/9-7/6/3*6+8-5+5+4+6/5+3+4*1+7/7-3*5*1/7+5/4/5/4-3+9+9*7-8-4/5*6*3*1-3+1-3-1/1+5+5*7*3/1-9*6+2-6*6*2-9-4/1-9+7+1+9/2*2-4/6-3*4*8/2*7-2*2*1+5+1/9+3/9-8/4-6+5+3*8/3+2-9*6-1*3*6+5+9*6*7/8*1+8+6+5/6-2*3*5*8-4*4/2-1/8/1-2/7*5/1/7*3*4+9-6-5-7/6-4-4,2246.58
75,1+5-5-8-6*1+4/7/9/3-2/2*7-7+8*4/7/5*1-9+1*2*8*3-7/8/9-4*4+2*1/9-3-8-4*6/2-8+2-5-9-1+8/8/9/8/9/1*9/6+9+7*9/1/8*4*9+8-9/1+9*8*6-9*4+6-9+9*2-7-7+4+6*1-9/9/2+7/9-6-3-2*7-1+2+7+2-8*5/7*2/6*2-8+6+7-7/2-8+2/1-6*7/4-3*5*9*6*1+5+5+7+2+8+1+9/8*9-3+7/4/2-9-7+1*2/2/5/8/1+8-2+8*9-3*5-2-8/2+7/9/8*9-5/8-6*9-5*6*3*4*2/1-6+2+7*9/4+1+7+5*9*3/9+9*7-6+6*6*4*4-9*1/3-3+5*2-5+7/1-2*6+1+6*7*5*2/6/2-9/7+6,-184.23
76,2*7+8/4/4-3-7-8+4-1/2+1*9*4+8/9-6-6-6-3/2*3-1*9/9-4/5-4*7/7*9-5+4*3*1-5-9+7-1*6/1/9*2+3*6+5*3+2+4*7*7-5+2*4*1/8-3+3-5/9/7-6/4/3/5+2*2/1+9*8*1+2+8-7/9/7-9-3-6+4-5-5+4/8/9-3-2/6*4+4/2+7-2*6-3-7-6+7+5-2-3/6-5*8*1+4*5/6-9-9+5/6+2+8+5+4/7+1-1-4-5+5-7/9-9*7-1/7+6-5*7+8+6+3+9*1/4/2/1/8/6+9-6*9/1/9*8*9/9+9-4+3/8+8-9+7+1-7-4+5-6*2*9-4+3-3-9+9/5*4+7+5+4+8+1/7*3-3+8*1*7-4*9*2-5*1-8+8/2+1-3+5,-14.97
77,8/1*4/8*2*8*8*2/9*1*6*7/6/8+7-8/2*9-8-5+8+7-7-2+9*8-7-5+8+2*7+8+5/4*4-3*1/1*8+2*8/9+2+4-6*5+2*1*3-5/3/9+9+5-9-8/6-3*2*7+9-8/4*8/2/1*7/8+1*9+6/8-9+7*4*6*4*3-7+6+7+1+1+2/1*3-8-5+6+7*5-1+2/5+3/2+7/1+7/5*5/4-4-3+4-6-4/9*1+5-5+6+3/4+6*1/3/7+3*7-6-2-5-9-7-5+3-2/3*8-8+8+4+3*8/3-9/9-9*1/9/5+7*4*8*5/2/8-3*8*8*5*7+8/6+1+6*2-6*9-3+3/6/7-2-1*9+6-3-3*3*2/6/4-4*6+3+4+1-2/6*5+7*5-7/3*1*5/5-9*7-8,-4614.07
78,9-1*2*9/2-1+8+2/7/4/5-6*7/1+5+9-4/3-7/2/4/2*5/1+7+1*3*8/7/1-8-5/2/6+5-1/9*6-6*6-5-3-1/2/2-9*1-6+1/7-7+4*4*3+8/6+9/4*5/6-5-9/3*6*8*6-8-1*6-8-6+7-2+9+3+4*7*5*2*1/8/1-3+9/4/9/9*5*6/9+3-1/9-7-3/8+3-1+7+1-7+4+2/4+3+5-5*7/4+6-3/3-6-4-4+4*8-3+4-8+3/8/6+4-4*9/4*4-1-3+8/6*1-3*8*3*3*6+5-8/3+8-5*8-7*1*2*2+8/9+2/3/5*4/8/6-5/1/6/3-2/4*3-4-1/6-3+8+2+5*1+8*1*3*5+7-1*7-8-9-8*6*4+7/7*8+3/9*5+6*3-4,-2309.35
79,6/8*6*8-2+6/6+5+2*5+5+8-4-6/9-6-7*4+6*8+4-2-6/8/8-4+5/2*5/7-6+8*2-7*2+9/2-9*4+9*5-3-3*8-5/7+8-5*3+9/9*7/3*1+7-2*6*2*4+8/1-1+9+6-1+9*7*5+4/6*9/7/9+2*6*2+6+8/3+1-8/2/5+8/5-9+7+2*5+8+3+6*2+6-2*7-7*9*5-5/5/1+3-9/9+7+2+9-9/7*9+9*7+2+5+8/5+9+6/3/2+6*8/2*9*8+6+6+9/9-8*6*1*8/7*4-4-5+9-8+2/9-9-2*6/9-4*1/7/8+7-6*2+4*2+5-9-8-5*5*9+9-7/9-2*6*9/7*4-9+7+4+6+3/7*1+4/6+8*7-9/3/2+3+9/5+6-7*1/9*8*6,1380.69
80,8+1+5-3/2*1/2/1/6/3+5/7*5/7*3/7/5-8/9*2+7/3-6-3*4+8/6-5-7-6-2+4+8-3/8*5*7-5*2*3+9/5*1*4-4+9-9-9*1-4*6/3/8+5-6+5+6+7/5*9-6*1*9*7/5-6+1*1+8+1+8/3-8/2/6-1-2+5*7*2-9/9-3*3-9+6+4*6-1*8/6/5-4+2-7-3/6/7+9-5-5/1*7*1/2+6+7-2+8+9/2*4+8+3+6/2*1-7+5*8+2+7-9/5-5+3/7/2/6+7-7-6*8-8/4+9+8+9/4/4-2/5/2/8+8-2-9+9*2-7+7/5/8/4/1+3*3*1/3-7-2/8*3/1+3*7*4+5+4/9-2*7/4/6/9+9-8+8*5/3*9+2/5+9+5+5+4*8/5+1*9*7,304.37
81,7/7*1*9-1/7+9+1-1/3-4*6+7-3+8-4-7*9/1/9-4-8/6+4*5+5/8/6-1/2-5/4*2/9+9-4/6/7-4-6/1+4-6*9/6/7/2+7*8-8/8/2*1/8*5+8-2*7*4/8-6/9/4*5/4*4/9/3-2-3+5/8/6+9-8/6/9-6+3/4*5/6-5/7/4+4/8+3+2-3/6*9/9+2*4*5/8/4+7+4-1+9*3*6+1*4-2-5/4*2/2-5+6-2/4-6+3*2/5/2/2-7+2-9/4*2-9*1+3*6*4*6+3/8/4/4+2*5/4+1+5-2*8/6/2-9+2*2*1*4-6*4/5*8*8/9-6+3+1*3*1/3*2/4/1*1-6*5+3-6/2*3/1/4/9-8/2-4/4*9-6*8-8-9+7*8*8/7*3/9-7-9,531.78
82,3-5/5-5*7+6-3*2/9/7*1*7+7-7-7/6/7-4*7-3+2*5+4-7-8+2*8/9*7-8/8/1+8+4*1+1*9/5+2-4+9*3/7+1-8+2/9*7/7-8-7-9/7+7-5*8/5+6+6*5-5*5/4*1-4-3+4-7-2+3*9-8+5/3+3*3/5/6*9/3-1-2/4*6*9/4/6/5-9/2-4-3-4+7+6/2*4/5/3*1+1-2/8+6/5-3/9+3-7*3/6*5*8+1/6*4/8+3*2*1-4-8+8/3+3+3-4/6*9-8-6/3*8-3-2-1+8*8+7*2*8-9*3*2+7/6+4+4-7+6-3*5-3-6-8-9*3+9/7/4+3+7*9-1*2-8/2/3-2*7/2+5+7+5/3+2-4+7/5*9+7+8+1-4-6*2+6/3/3-4-3+9,-40.95
83,5+1*4+4*2/1/9+5*6+3-1*4+2/7*5/2*5*5-1+8+7*1-2+3*5-9+7*6/8+3/3/2+8*8/5+6+1-9+9*6/2-1+2*7-1*9-8+6-4+2*6*5*8/6*6*6/5/4+7*2/7-7*7*8*7*9*5-4*8/9/8/8*8+4/1+4*1*9+5-5/1-6+8/2-1*5*3/8-9-7/2/9-4*9+3*7+8/8-1*7*8*7/3/6*5+8*2-1+3+7*1-6/4+1/5+7+1-2*4-3-3+3*2+1*2/5+8+3*7/9/1+7-1*9*4+1-4-2/6+3+7/9/5/7/2-6/8+5*7*4+7-1-2+6*5/9/3+5/4*8/2+5+2+1+3/7+9*4*6+1*8-4+7+9+9/3/9-3+7/2/2-1/2-5-2-7*3-4-9/9/2+9,-122940.32
84,5*4+2*5+6*1-3+6-3/4-5+3-5-7+9*1+8*3+4-4*3*6/6/3*4+4/7+1*8+8/4*4-7/6/5+5+8/9/9-2*3+8*8-5/4+2-7-8*2+3*9/6+6*2/4/1-5+6+1*7-6/9+5/5/1+7/1-1-7*3-8-5-9/4/6-1-2-3/3-8*6-5*3/3+8-5+6/3*8/8/7-7*4+2-2-3+3+5*8*8+5-3*8-5/8*1+6*3/2/4/7-8/5+3*1+3-6/6+5-5-5-8/5*3/9/3-6+5/9/6+4/5-9+4+8+2-8/6+9-6/1+7-4*2-8-6/5/1-5/9*2*5-1+2+2+3+3+3*5-6*3*7-6/3/5-8-2+8/2*9-7+3/5*7+7*1-5+6*8*3*6/1*8-8-6+5-8-3/6+4+8/2,7118.2
85,6/8/3*1-1-2-7-8+3*7+6/9+4-7*6*5-8/4-2*6-9*8+1+2+1-9*6/7+6-3-3*3-4-1+4*8+9/9+5-8+1+3-1*2-8+3-8-4-7+6-9*8/5-4/6-1/6+8-1+3+2*7-9-3+6/2*5-3*4+5*8-7+6-8*1*8/8/6*7+5-4/2+7-4*6*4/9+3*4*3+4/4*5/4/5*8/6-8-9*8-3+2/5*1/8/8/8*9*9/6*7+8/7*6/9*2+3+7/5-5/3*8/3+7/9-9-7/8+5-1-3/2-5-2+8/8-3/7+1-4*2-4-9+6/5/4+2+6-6/9-5+8*7-8*5-3/4-8/6/1-2+5/6/6/1*1/2*1/9/8*3+3-5-9/6+8*7+6+7*4-8+6*7-5*7-5/8+2-2/3*5*2,-243.41
86,6*2-8+2*3+9+9-2/4/8-6+5-1-3/2*6/3+2+5-6-3+5+1/7/7/4*7+7+8/8-9/1+8*7/4/5-7*1+2*4-7*3+6-4+3/9/4*4*9-5*5-4+4-6/9-5+8-2-2/9/8+3/6+4+8*4*2+4*4+1/8+9/8*6+5+6-7/4/9+4-3+5+6/4-6*4+6*9*4-4+5-5+6-1+8*8-6-8/9*2-3+7*4-8-7/1*8+2/4*6-9/4-7+9*7+5*5+7*4+3/3-4-7/2/1+6/2-8*7-2-6+6+4/8/2-1*7*2*7*2*1/3+1-5*8*8-2-3+3-6-8+1/7-7*6*9/1*4/3-3-3/1-5-1/3+6-6/2*2*7/3+9+5-4-2-4/3-5*3*9+5+3+9/3*1/2*3/4/1/6+5*8,-647.19
87,4/9+4-7-6-6*9-7/3-2*9+5*1-1+4+7*9*6-5*6+1+3-8-8-9*3/3+8-2*2-7*6+5-6/1-3+8*5/9-4*4-5/1+6+2*5-4+5+9-4-1+7-8-5+5*1/6*5-3+1/3+3-2+5-8-4*8*4*7-3*8*4+8+9-8+2/1+5/5/2/9-7*7*5-7/7-2+2+2+6/8/6/7*8-7/4/2/2*6*6-2-6+7*2*1+9*5*8-8-3*1/9+4*7*7+8*7-1/4+2*8-2*3/3/4*7+5+3/1-4/8-6+4-3-2+6*4/2/6/2+5/2+4*6+5*4+1*4-3+9/3*9*9+8-9*2-1*8-7-7+7*3+7/4*6/4+1-1-9-7-2-3*4/1/5+7-2*1*4+7/6*1-7-8-8-2*8+3/5-9*6/1,-239.59
88,6-3/6+4+8-1+5-7/8*5-6*9/9*5-3*9-7*9+1-7-7/7+9*4-5*4-9+9+8-6+4-9-7+6/1-5*2+6*3/8-5+8-8-1*6/7-5/7/2*2*4/3+3/7-9*3-7+7*5/2*9+1+5-4-8-3+6+6*4-4-6/7-8*2*5+9-5*3+7-4-4+9-5-8*1+7-1*5*1*2/1*7-6-8*4+8-2-6*7/8*7+7*4-1+2*3*7-7-9+6*2*5*3/4+9*2-3*5/1+7-8*3-2+5/1*9*9*4/7/6+4/9/1+8*7*9/4*7/3*7*5-1/5/6+5/4*8/6/4+8*2-5+4-9-2/9+3-7*7/9-7/1+3+4*8*4+1-3-2-2/6+9-5/6+8-4*9-9/5-5/3+7-9*5-5*2*3*2*5*1/3-2,10175.99
89,1+9/6+8+2+1-6/4/3/9-4+2/1/8-1*8+5-7*6*1-1+8-2+6/7+3+3+1*6*4-3*1*4/2+8/4*7-6+5*1+9-9/2/2-8*1-4-4+8*2+8+4*1+5-6*9*3*6-9+7*2+4*9+3*9+8+4/9/7/1/6/9+4/9+9+4/3+5+6-6*7-2+6/2-3/5*1*4*7+9-3-2*5*7/5-2-2*6+5/9-6-2/6*1-2+7+3+4-1*3/9*2+3+2/8/2/7*3-9/6-4+2/8*1/1-5+7*2*3/7+2-7/2/1*7-5+8+1-3+3-9+2-5/4+5*1*4/3+5/2*2+2/6-8/7/4*9+5+1+5+2+6*9*2-1/4+3*5-8/5+6*1*9+6-1+6/5/4/6/8*6+9/9/3*5-7-9+1+2-4*4*1,-769.83
90,4-9*7/1-7/6+1-4+4*5-2+8+2*2*1*5-2+3*1-3/7-8-2/6/9*7-3-1*2-6*6*9*5*9*7*6-5-9-4-3*7/4*7+8-2-8/1-6-8+4+2*9*9*1*1-4/5/6-4+6/3-8+5*4+7-8+4-6*9*3*2-8-8+1-8-6*5+2-3+6/9*4*9/4/6+9/3-5-2-6/6/2-8-9+5-5+4+5-8*6+8+7-3*1-3/4*8*3/7/9-6/3+3*8*6/3*2/3-4/5*2/8+4-4-6*2+4-6/9*6*1/4-4/6*8*5-8*1*9/3-6+4*4/8+7/4-1-5-1/2-2-9+8/4-7+2*9-8/6-7/4/8*3-7-9+4+9*9/7-1+1-4*5/9+9-7+8/9+2-7+5-5/9-3*6/8-4+2-2-8/8*1,-612753.7
91,1*4-6*9+5+3/6+7+9*5+4/8*2/8*8*1+9-4*9*5-7-8/7-2+9*2/7*2-1+7/8*5/8*1-8/8/2+7*3-3*5-5/9-4/4+4*7/9-2/3/1+4*6+2-5/9/1*1+5-9/7/3/5+7-4/5/2/5+9/6-8*8*5-3-9*4/2*1+6-7/1*6-5-9-7+1/8-8/5+4+8/1-5/2*6/5+8-2+2/1*5/9+9-6*5-9*6-4/6/1-4/8+8-9-9/6+2+2/4+3/9-6-2-5+8/6-6+4*4*1*3+5+8*1*5/5/8/9*9/1+3/6-8+8*7-4-4+9-1-7-2-9+7/3+3*4+1+9+9-8/9*5+5/6-7+5*3*5+9+7*6-4-7/4/5/3-1/9-6-8+3*8/4*6/2*6+8*4/1*9*5-1,1162.35
92,7/9/8*7-5/1/6+3+8/9+9-1*9*2+9-4-2*1-9*2+5/7/4/8/6/2/7/3-1/5*2-3*1+9-7/6+4*6/7+1/3+1/6*8*1*8/1-6*1-1-1-1-5+7+9+7/6-2*2+6*3*7*8-6+4+9*8*7*8-3/5*7+5+4/9-8*7*3-6*8-6+6-7-3/5-4+4*1/4+2*2*5-9*2*6*6*6*3-2+9/1-5-7*5+2*1-7*9+9/6/3+8*9-7-8-5+2/8/7+6/9*9+3*6+5/8*7-1*3*6-7+2+2-6*7-4-1+2/5*4*8/5/5+1+1+5-4-8-4-3*6/8+2/5+6/5-7/1+6+5-5-7/2-7/1*6*6-6*5-4/3+4/7/5/3+9+7-4-6*6*7*9*7*5+6+2/3*8-7*4/8-6,-86577.78
93,5+3*5+8-7+9*4*4/5*5/3*9-2/4/5*7-6*2/1/5+2-1/8/3/7+3/2+9+7+9-3+4+4*2+6*2/3*4-6+5*5+4+1*2+5/9/1-1*4*2-4-1-5-5*2+9+1/6/5-9*8*1/5-2-5-6+3*8-2+7-1+4/8/4+4*8-4/8*7/6*1*4-7*5/2+7/3*5*9*6*1+8-5/3+6/4*9/7/4/1-7/6/8-2/7/4*8/4/3+4-3*8+4/2+2/6-1*6+8+3-3/2/5-7*8*5-1*1*5/2/6/8/7*6*4/7-5/5/7*2*1*4-4+3/5-7-3*5+5/1*7*7-2/7/1/9-7*9*7/3*2/9+8/7-4*9/3/3*6*9+6/4*3/8+9*6-8-2/3+4-1/7+4-7*3/6-8/3-3*5-1*9,860.99
94,9+2+4+2+7-2-8+1*6*8/5*2+9+6/4-1*5/7+1*6/1/1-7*9*9-9-2-2+6+3-9*7+7*7*4-8-5/9/6+1-1+5-7*7*1-1-4+8+3/4*2*8*5*9+5/7*4+6/8-1+8+8*6/6+2/8/2/1-4-7-3+1/7*5*6-9*2*3*8+6/5/3-8-6-9/1*1-4+7-2/1+4+8+4-8-9+3-8-5/2+7-6*6-8*6/6+8/2+2/6*5-6/2*7+7+6+1-3/2-8-5-7-3-9-7*7*6-6/6-5*3-4-4/9/4+5*6*7*1-7*3*8-5/8*2-1+3/8*7+7/1/6-6+5-9+9/4+2*3-7*9/8/8/4-5+1*4*8+5/7/9+6/8-1/4*5+3+1+4+2+7+2+6-7*2-5-4/2-4+6-5/1,-668.01
95,2*7*7+2*3/8-1*4-1-1-1-9/2*1-5+1*1*8-5-8-1/8-9*2*9*4*2/4-4*8*4*3+5*5+7+8+1-8/7+1-5*6-7*9+8+3/3-1-5/6-8+7/8*2+6*8/1+4+6-3/4-9-1/4/7-5/2/6/8+2-2*9/8*8*1*8+5/4+6/1*9+1*1/9/7+7-5/1/5+3-3*5+2+9*5-9/5*7*9*1-2/7+6+3/7+3/6-8+5/9-7-9/5-1*8-6+4-9-5+9*4+9*1*9-4*5/6/7/3*8+9/9+1*1+6*6/4*3+2+4+5/5*1-1/1/1-5-2+1*5-8+8+4+8-5*3*2/9*2-2*2*4/1-5+5-2/7*9/9/3/8+8+4*5*2+1*9-5/4*9/3*3*5/6/6*3-7+7+2-1*1/4,-634.56
96,7/8*4/5+4*6-9-5-2+4/4+4*5*7-8*3/7+3+6+6+5-7/9+2/4*7/8-4+8+3/4-1*6-3-6-3-3/3+6/1/3+8*2/5*7-2/7-8+6+4+3*1/6-7/6*3+4*2*5-6+8/9/4/3-7-4*6/5*1+3*6*1*5*6-9/5/8-8*3+8+8/2/5-1-6*5+4/7-3/9*7*2-4-9/6+5+8*8*6/1*7/8-7/2+3+5/3/5/4-9*7/4*1/7+2+8/9-9-4-2-3*6/1-4/4-3+1+5*5*5-7*7*3/6/2*8+4+4*2-3+1*5/8*9-3*4+5-8/9-3/5-5+5/1+5/6-9*9+9/7-6/1+6*3+5*9/3+8-1*4/4/9*5/7/3/3*9-7*9+5*5+5*6/8*4/1+8*3*2-3*5-5,980.45
97,8/2/5+7+7/2+1/5*3/7*6*9*7-9/4-5-8*9*9-1+1/4/9*6+7+3-5/5+1*6+6+6*6/6+9/5-7+6*2+8*6-8+4/5-8-1*3*2/7-6*1*7/4/4+3*2+9-2-7/1/7-3-1-1*1/3+8*7*8/2/2*4-3+9/8-4+6/2/2-4/4+4-3-4-2+8/3*3/8/2+1+9/8/9-5-7/1+7+8*7/6-4+3-4-3*5+2-5/2/2/4+3-9+6*1+1/4+7*9*9/3*4-2-8+7+4+9+2-8-9-8-2*7/8/7-2*6-7+5+6/7/8*9-4-1+5-9+8+3+4+7*3-8-3+3+3*3-9*2/2*2/7-9-9+7/7*3-2/9/1*8-7-6+9/9+9+5+1+8+2+4-7+3-8*8*8-7*7+6/2+1+2,80.29
98,8/8*3+2-3+3-6+5+4/5+1/3/2+5+5-2+5+9/5-2+3*3+4*5*3-5*8-4/1-4-4-4*9/3+8-7/2-1/1-1*1/9-9*9-3/4/8*6+5+8/5+9+1*2-5/6+7-9/7-7+6+7*5+8+2/3*3/5/3*6*4*2*3/6+8*6-6+1*5+6*6+2*4-4/6*2/2-7/4/9+1/2/4-8/1/1*5*6+3*5-4*6-2+5*4-9+7+8-3*6-4-2*7+1-3+6+2/4+2+1*9*4/6+7+8+7/1*2-6/6*8*5-7/3-6/9/4+5-6-9/6+1*1*2-6+5/6-9*9/8+1/2/9-9-2*6-3*6*5-2+4+6+5*6/5+1-7/8*8*7-7/8*7+4+8+8/4/3+9/4+9-7+1*2-1/6/7*2*3*3/3+3,-304.55
99,7*6-2/5/7/4/8+3-5*6+2+2+9/9/9*9+8+6/2-1+5/7-3*9+9+4*3-4-4-7-3-6+5/3/8-4*9+6*3/1*3+1/2-7*4+1/7-4-9+9-3-5+7*4+8+2-2*6*3*2-2/7/6/2+1-9/6/2/3*7*6*7-2+8+3+5/7*3*4*4+5/3*3*4/1*1-2*5*1-1-5*2+5/2*5+7+5/5-4+2*4*4+5*5*6+1-8+5-2*1*7+6+3/2-9+8+5/7/4+6+7*4+6+9+9*2/3-4*4/8/9+1+7+7/4/8*5+6*8+7/5*8*4+3*7-7*5+8/6+3+6*4-9*8+5-9-2+7+4/4+7/6-2*2+5/4/8*6-2/5/4-8*9/6/7-7-2*9+1*4*8-8/6+8*3/1*2-4/6+1*2/4,255.3
