query,workflow,answer
"A 34-year-old patient presents with dry cough for 1 days, rash for 2 days, diarrhea for 1 days, fatigue for 2 days. Oxygen saturation is 97%, and body temperature is 98.6°F. Medical history includes CHF, asthma. Recent hospital stay.",Symptom Cluster Then Escalation,Clinical judgment follow-up
"A 51-year-old patient presents with loss of smell for 1 days, chest pain for 7 days, headache for 7 days. Oxygen saturation is 90%, and body temperature is 102.0°F. Medical history includes HIV. Recent travel to outbreak area.",Vitals-First with Comorbidity Overlay,ER referral
"A 89-year-old patient presents with headache for 8 days, rash for 6 days, chest pain for 4 days, dry cough for 8 days, shortness of breath for 3 days. Oxygen saturation is 94%, and body temperature is 98.6°F. Medical history includes chronic kidney disease. Recent travel abroad.",Vitals-First with Comorbidity Overlay,Urgent clinical evaluation
"A 56-year-old patient presents with loss of smell for 2 days, chest pain for 5 days, shortness of breath for 8 days. Oxygen saturation is 95%, and body temperature is 99.5°F. Medical history includes asthma. Close contact with a sick relative.",Vitals-First with Comorbidity Overlay,Home care
"A 16-year-old patient presents with fever for 8 days, shortness of breath for 4 days. Oxygen saturation is 90%, and body temperature is 103.0°F. Medical history includes CHF, hypertension. Recent travel abroad.",Vitals-First with Comorbidity Overlay,ER referral
"A 5-year-old patient presents with headache for 9 days, fever for 5 days, loss of smell for 4 days, diarrhea for 4 days. Oxygen saturation is 96%, and body temperature is 98.6°F. Medical history includes asthma, HIV. No known exposure.",Vitals-First with Comorbidity Overlay,Home care
"A 37-year-old patient presents with loss of smell for 7 days, fever for 9 days. Oxygen saturation is 97%, and body temperature is 99.5°F. Medical history includes none. Recent travel abroad.",Vitals-First with Comorbidity Overlay,Home care
"A 59-year-old patient presents with chest pain for 10 days, nausea for 7 days, fatigue for 4 days. Oxygen saturation is 97%, and body temperature is 99.5°F. Medical history includes diabetes, hypertension. Recent travel abroad.",Vitals-First with Comorbidity Overlay,Home care
"A 42-year-old patient presents with shortness of breath for 5 days, fatigue for 1 days. Oxygen saturation is 95%, and body temperature is 98.6°F. Medical history includes none. Recent travel to outbreak area.",Vitals-First with Comorbidity Overlay,Home care
"A 86-year-old patient presents with diarrhea for 8 days, fatigue for 6 days, loss of smell for 7 days, fever for 5 days, nausea for 7 days. Oxygen saturation is 95%, and body temperature is 99.5°F. Medical history includes none. Close contact with a sick relative.",Vitals-First with Comorbidity Overlay,Home care
"A 77-year-old patient presents with dry cough for 9 days, loss of smell for 1 days, rash for 4 days, headache for 10 days, nausea for 3 days. Oxygen saturation is 94%, and body temperature is 103.0°F. Medical history includes none. Recent hospital stay.",Vitals-First with Comorbidity Overlay,Urgent clinical evaluation
"A 25-year-old patient presents with shortness of breath for 7 days, loss of smell for 3 days, nausea for 1 days. Oxygen saturation is 92%, and body temperature is 99.5°F. Medical history includes none. Recent travel abroad.",Symptom Cluster Then Escalation,ER referral
"A 74-year-old patient presents with dry cough for 8 days, chest pain for 7 days, fatigue for 8 days, rash for 4 days. Oxygen saturation is 90%, and body temperature is 100.4°F. Medical history includes diabetes. Close contact with a sick relative.",Symptom Cluster Then Escalation,ER referral
"A 53-year-old patient presents with chest pain for 9 days, fatigue for 6 days, rash for 7 days, diarrhea for 1 days. Oxygen saturation is 96%, and body temperature is 98.6°F. Medical history includes none. Close contact with a sick relative.",Symptom Cluster Then Escalation,ER referral
"A 67-year-old patient presents with chest pain for 6 days, rash for 6 days. Oxygen saturation is 95%, and body temperature is 98.6°F. Medical history includes HIV, none. Recent hospital stay.",Symptom Cluster Then Escalation,ER referral
"A 18-year-old patient presents with nausea for 5 days, loss of smell for 4 days. Oxygen saturation is 90%, and body temperature is 102.0°F. Medical history includes diabetes. Recent travel to outbreak area.",Symptom Cluster Then Escalation,Clinical judgment follow-up
"A 90-year-old patient presents with chest pain for 6 days, dry cough for 2 days. Oxygen saturation is 97%, and body temperature is 100.4°F. Medical history includes HIV, none. Recent travel to outbreak area.",Symptom Cluster Then Escalation,ER referral
"A 26-year-old patient presents with rash for 2 days, fever for 8 days, loss of smell for 9 days, nausea for 6 days, shortness of breath for 3 days. Oxygen saturation is 90%, and body temperature is 100.4°F. Medical history includes chronic kidney disease. Recent hospital stay.",Symptom Cluster Then Escalation,ER referral
"A 65-year-old patient presents with headache for 2 days, fever for 2 days. Oxygen saturation is 90%, and body temperature is 98.6°F. Medical history includes diabetes, CHF. No known exposure.",Symptom Cluster Then Escalation,Clinical judgment follow-up
"A 55-year-old patient presents with fatigue for 7 days, fever for 5 days, chest pain for 1 days. Oxygen saturation is 94%, and body temperature is 98.6°F. Medical history includes COPD, asthma. Recent travel to outbreak area.",Symptom Cluster Then Escalation,ER referral
"A 37-year-old patient presents with rash for 4 days, diarrhea for 7 days, chest pain for 3 days, dry cough for 3 days, fatigue for 9 days. Oxygen saturation is 94%, and body temperature is 100.4°F. Medical history includes CHF. No known exposure.",Symptom Cluster Then Escalation,ER referral
"A 26-year-old patient presents with headache for 7 days, rash for 6 days, dry cough for 4 days, chest pain for 9 days. Oxygen saturation is 90%, and body temperature is 98.6°F. Medical history includes none. Recent travel to outbreak area.",Duration-Weighted Symptom Score,Outpatient evaluation
"A 74-year-old patient presents with fever for 7 days, rash for 10 days, chest pain for 8 days, fatigue for 7 days, shortness of breath for 9 days. Oxygen saturation is 94%, and body temperature is 98.6°F. Medical history includes chronic kidney disease. No known exposure.",Duration-Weighted Symptom Score,Urgent clinical evaluation
"A 15-year-old patient presents with chest pain for 10 days, rash for 3 days, dry cough for 1 days, loss of smell for 2 days, nausea for 5 days. Oxygen saturation is 92%, and body temperature is 101.2°F. Medical history includes hypertension. No known exposure.",Duration-Weighted Symptom Score,Outpatient evaluation
"A 70-year-old patient presents with dry cough for 1 days, fatigue for 8 days, chest pain for 5 days, loss of smell for 9 days. Oxygen saturation is 96%, and body temperature is 102.0°F. Medical history includes HIV, asthma. Recent travel to outbreak area.",Duration-Weighted Symptom Score,Outpatient evaluation
"A 70-year-old patient presents with headache for 9 days, rash for 4 days, shortness of breath for 10 days. Oxygen saturation is 98%, and body temperature is 98.6°F. Medical history includes chronic kidney disease. Recent hospital stay.",Duration-Weighted Symptom Score,Outpatient evaluation
"A 52-year-old patient presents with shortness of breath for 4 days, headache for 8 days, loss of smell for 1 days, chest pain for 8 days, fever for 1 days. Oxygen saturation is 95%, and body temperature is 99.5°F. Medical history includes asthma. Recent hospital stay.",Duration-Weighted Symptom Score,Urgent clinical evaluation
"A 79-year-old patient presents with fatigue for 10 days, rash for 1 days, nausea for 3 days, dry cough for 3 days. Oxygen saturation is 95%, and body temperature is 100.4°F. Medical history includes hypertension. Recent travel abroad.",Duration-Weighted Symptom Score,Outpatient evaluation
"A 59-year-old patient presents with chest pain for 2 days, diarrhea for 5 days, headache for 2 days. Oxygen saturation is 94%, and body temperature is 102.0°F. Medical history includes none. Recent hospital stay.",Duration-Weighted Symptom Score,Home care
"A 33-year-old patient presents with dry cough for 3 days, rash for 1 days. Oxygen saturation is 92%, and body temperature is 98.6°F. Medical history includes hypertension, diabetes. Recent travel abroad.",Duration-Weighted Symptom Score,Home care
"A 11-year-old patient presents with dry cough for 6 days, fatigue for 1 days. Oxygen saturation is 96%, and body temperature is 102.0°F. Medical history includes asthma. Close contact with a sick relative.",Duration-Weighted Symptom Score,Home care
"A 75-year-old patient presents with chest pain for 7 days, fatigue for 4 days, dry cough for 8 days. Oxygen saturation is 94%, and body temperature is 100.4°F. Medical history includes none. No known exposure.",Immunosuppression Priority Pathway,Outpatient evaluation
"A 14-year-old patient presents with nausea for 3 days, dry cough for 8 days, fatigue for 10 days, loss of smell for 3 days. Oxygen saturation is 98%, and body temperature is 101.2°F. Medical history includes COPD, CHF. Recent travel to outbreak area.",Immunosuppression Priority Pathway,Outpatient evaluation
"A 82-year-old patient presents with shortness of breath for 1 days, fatigue for 6 days, rash for 4 days. Oxygen saturation is 88%, and body temperature is 102.0°F. Medical history includes diabetes. Recent hospital stay.",Immunosuppression Priority Pathway,Home care
"A 71-year-old patient presents with dry cough for 2 days, fatigue for 5 days, nausea for 6 days, diarrhea for 8 days. Oxygen saturation is 92%, and body temperature is 103.0°F. Medical history includes none. Recent hospital stay.",Immunosuppression Priority Pathway,Outpatient evaluation
"A 38-year-old patient presents with rash for 3 days, shortness of breath for 6 days, dry cough for 10 days, fever for 7 days. Oxygen saturation is 98%, and body temperature is 98.6°F. Medical history includes none. Recent travel abroad.",Immunosuppression Priority Pathway,Outpatient evaluation
"A 30-year-old patient presents with rash for 10 days, chest pain for 4 days, fatigue for 1 days, headache for 5 days, shortness of breath for 7 days. Oxygen saturation is 96%, and body temperature is 98.6°F. Medical history includes none. Recent travel to outbreak area.",Immunosuppression Priority Pathway,Home care
"A 28-year-old patient presents with chest pain for 9 days, fever for 4 days, nausea for 8 days, headache for 6 days, fatigue for 8 days. Oxygen saturation is 96%, and body temperature is 98.6°F. Medical history includes diabetes, chronic kidney disease. Recent hospital stay.",Immunosuppression Priority Pathway,Outpatient evaluation
"A 38-year-old patient presents with shortness of breath for 3 days, fatigue for 7 days. Oxygen saturation is 98%, and body temperature is 101.2°F. Medical history includes CHF, COPD. Recent travel to outbreak area.",Immunosuppression Priority Pathway,Home care
"A 16-year-old patient presents with rash for 2 days, chest pain for 6 days, nausea for 2 days, headache for 3 days. Oxygen saturation is 98%, and body temperature is 99.5°F. Medical history includes none. Close contact with a sick relative.",Immunosuppression Priority Pathway,Home care
"A 67-year-old patient presents with nausea for 9 days, headache for 6 days, rash for 1 days. Oxygen saturation is 96%, and body temperature is 98.6°F. Medical history includes none. Close contact with a sick relative.",Immunosuppression Priority Pathway,Home care
