0,8+1+0+6+7+2+2+0+8+5+9+7+9+2+5+8+8+0+7+3+2+7+4+6+8+8+9+1+1+4+6+1+4+4+1+0+5+3+5+4+7+8+4+6+8+6+2+9+4+7+2+7+0+1+9+8+9+7+4+8+1+1+1+5+4+9+1+7+1+6+0+8+9+9+4+1+8+7+9+9+5+2+9+5+3+4+1+0+6+8+1+8+8+4+9+7+1+0+7+8+0+1+7+5+9+1+3+2+9+6+2+8+2+6+5+5+9+8+0+2+0+0+1+9+9,601
1,9+7+6+1+6+8+9+3+9+7+5+3+5+8+9+8+0+0+9+8+8+4+1+7+9+8+8+9+2+3+3+4+1+1+9+1+5+7+6+0+0+8+4+4+3+0+7+1+9+1+2+4+7+1+1+2+8+6+2+0+3+6+1+6+8+5+5+0+9+8+5+3+6+1+8+0+8+8+9+0+7+8+0+1+7+1+0+4+8+3+5+3+6+7+4+4+7+5+7+9+0+6+5+9+0+5+4+0+0+7+0+9+7+9+0+1+8+5+8+5+1+3+5+9+2,589
2,6+9+7+7+2+3+3+8+5+1+7+0+5+6+2+6+4+8+5+0+5+6+7+8+2+7+3+0+5+6+2+3+1+8+4+5+6+1+3+6+6+6+5+4+9+2+0+9+2+6+5+5+8+3+8+1+8+2+4+3+7+2+5+2+1+9+3+9+0+7+9+4+0+6+3+2+6+0+6+1+6+7+5+1+0+6+6+9+4+2+1+5+4+6+5+1+7+7+6+2+4+5+4+0+6+8+7+2+2+3+8+7+8+6+8+2+2+3+6+4+2+4+4+8+2,565
3,0+7+2+5+1+2+3+7+7+4+9+0+5+4+7+7+0+1+7+7+8+5+0+8+7+8+6+7+8+3+4+9+6+0+6+5+9+5+1+8+2+1+1+5+4+7+6+1+3+9+7+4+1+7+6+4+5+4+4+9+6+2+6+5+0+0+7+2+2+7+9+7+6+9+8+2+6+8+4+6+2+6+5+2+7+7+3+1+5+7+5+8+0+9+3+0+0+3+8+4+3+6+1+7+1+5+0+9+6+4+1+5+4+9+0+7+9+0+6+4+8+9+9+3+0,591
4,2+7+7+7+6+0+1+6+5+3+9+9+0+1+4+2+8+9+6+7+4+8+4+9+5+2+5+5+5+1+2+7+6+1+5+3+3+3+5+4+8+9+3+1+5+6+6+1+8+1+3+8+2+2+1+1+0+6+9+6+1+6+4+9+6+0+6+3+0+2+7+9+3+9+6+1+4+6+5+0+5+6+3+7+6+9+8+2+4+3+4+3+3+5+4+2+9+0+3+8+5+9+2+3+0+9+9+6+8+0+1+2+8+7+4+9+0+4+0+4+3+4+3+1+6,560
5,7+2+8+5+4+9+0+7+4+4+9+8+2+2+9+9+1+3+5+2+8+9+3+2+1+7+8+9+1+8+0+5+3+3+8+3+5+1+1+9+9+6+1+8+1+5+9+4+3+8+8+4+3+5+4+1+2+2+9+5+5+8+6+9+4+7+0+5+5+5+4+4+1+7+5+8+1+6+7+9+7+4+2+2+7+6+5+8+7+7+0+7+2+6+1+9+6+7+8+3+5+7+7+2+6+7+6+3+2+7+7+9+2+0+3+4+4+2+6+5+7+7+3+9+2,623
6,7+9+0+5+7+6+4+8+4+7+3+6+2+8+2+2+0+5+3+1+1+7+1+9+3+1+6+5+9+8+8+1+7+3+3+8+1+6+1+4+1+0+5+8+1+1+9+6+4+8+7+3+2+1+5+9+4+5+2+9+4+3+1+5+8+3+9+3+1+7+6+0+7+4+2+2+6+0+0+3+5+4+5+4+7+1+5+7+3+8+8+3+7+4+1+3+9+2+2+5+2+0+1+8+5+2+9+9+9+7+8+2+7+4+5+0+4+8+1+4+0+2+6+6+5,552
7,2+7+0+4+4+2+3+3+3+7+8+5+1+5+4+6+6+4+5+2+8+7+5+4+0+3+9+6+9+7+3+5+4+4+2+7+1+0+3+9+6+7+6+8+9+0+3+0+6+8+2+5+3+0+1+4+3+7+0+6+6+8+7+9+2+3+0+9+5+1+8+8+4+5+9+1+8+7+5+6+5+9+8+2+8+0+1+0+3+2+5+7+7+4+3+1+1+9+3+2+8+6+4+9+8+4+3+5+0+6+5+1+3+4+8+6+1+6+5+3+9+1+5+1+1,564
8,0+3+4+7+5+5+3+6+6+3+3+5+0+0+8+2+3+0+9+9+7+0+9+1+2+9+9+9+7+8+7+8+4+4+3+6+9+1+2+3+3+8+3+4+2+6+9+4+4+1+1+8+1+6+0+8+9+8+3+0+6+8+9+4+5+8+8+6+6+4+3+1+0+2+8+0+4+6+7+9+3+6+3+0+2+7+3+8+5+6+9+1+8+9+2+0+5+3+1+5+1+8+2+9+2+2+6+3+9+4+0+0+0+7+0+5+6+2+9+6+6+0+6+1+5,566
9,7+4+4+0+7+5+3+4+1+1+2+0+8+9+1+4+5+7+7+0+1+9+4+4+3+2+8+6+1+2+5+9+9+0+7+5+3+6+7+9+8+3+8+3+8+6+3+8+7+6+9+5+4+4+8+7+3+8+2+6+4+1+8+6+8+8+0+4+7+1+8+9+9+9+5+5+8+1+3+2+6+2+8+9+7+7+2+8+4+3+3+7+9+0+7+2+2+4+5+5+3+8+0+8+4+7+3+9+9+2+8+8+9+8+5+1+9+0+2+0+0+3+9+7+0,623
10,3+2+9+9+2+2+6+4+9+2+9+1+9+7+3+0+3+0+9+8+2+3+2+7+4+5+5+8+4+2+5+4+1+1+3+3+8+3+5+4+5+5+0+7+7+1+6+0+6+5+9+8+9+9+8+0+3+3+5+2+4+7+0+4+6+3+9+8+3+4+1+9+2+8+1+3+7+1+2+1+9+6+5+3+7+6+4+9+6+7+5+1+8+1+6+7+6+8+2+4+2+0+5+0+6+3+1+6+2+8+7+2+8+3+5+6+1+7+3+4+7+1+8+2+9,573
11,4+3+9+5+4+6+4+3+9+0+9+3+5+9+7+7+4+5+5+0+5+2+4+7+1+6+0+3+2+0+4+3+7+9+0+6+6+9+8+5+4+0+7+2+0+0+4+1+4+4+5+8+2+6+2+8+3+3+8+9+8+4+1+4+4+8+9+4+1+6+6+8+2+5+0+3+2+1+2+3+9+5+6+3+1+6+4+5+1+0+8+0+2+2+6+7+0+2+9+7+2+1+2+9+2+7+3+9+0+6+4+5+1+0+2+2+9+0+2+7+6+5+6+7+2,531
12,5+4+3+9+7+1+6+5+7+8+7+0+2+4+4+7+0+8+8+8+9+3+3+2+8+4+4+6+1+2+3+2+8+9+2+1+8+6+7+7+9+3+0+8+0+9+7+5+3+2+5+6+1+3+6+0+9+1+8+0+6+5+2+4+5+1+7+8+5+8+7+2+2+1+6+1+5+5+2+5+6+1+2+5+6+5+4+1+9+1+5+0+6+1+4+1+5+3+0+0+9+2+9+6+2+6+6+0+7+0+0+2+4+5+7+6+3+6+6+8+0+2+1+6+5,543
13,2+6+4+5+5+2+6+9+8+9+8+3+1+6+8+9+1+2+4+9+0+9+6+6+7+1+9+4+5+4+6+0+6+1+2+6+8+1+8+8+1+9+7+9+8+8+9+4+0+7+5+7+9+2+3+4+3+5+7+0+4+6+3+0+9+7+7+7+0+1+5+5+6+2+9+5+3+3+0+4+3+2+3+6+3+6+7+2+4+5+9+1+1+5+0+7+8+6+5+6+2+3+6+4+8+9+8+3+5+9+1+8+0+5+7+7+7+2+4+7+2+7+9+9+2,620
14,9+7+1+1+9+9+7+1+6+7+9+7+4+7+4+9+9+4+5+3+0+5+0+8+8+2+0+2+9+2+7+2+2+6+9+5+7+8+1+9+4+1+0+2+6+8+8+0+3+4+2+1+1+6+9+9+4+2+9+6+2+5+0+0+0+4+9+8+3+2+2+9+0+1+1+9+8+3+5+3+6+1+5+2+5+6+8+9+6+2+9+3+9+9+6+6+7+5+7+2+2+2+6+5+5+1+7+2+1+4+2+2+0+2+8+7+6+5+3+5+0+8+1+6+2,574
15,2+8+8+2+2+9+3+9+9+0+5+4+0+2+9+4+7+8+6+9+9+9+8+8+0+5+8+3+7+8+2+7+7+4+1+1+9+6+1+6+8+4+8+0+5+8+5+6+9+2+9+5+1+4+1+7+0+0+5+2+4+0+3+0+3+4+9+3+2+0+8+6+9+5+4+5+3+2+5+4+6+1+5+4+3+1+3+8+8+2+5+6+3+8+5+0+5+9+2+7+0+9+7+7+4+2+3+1+2+5+5+7+3+2+5+2+1+7+7+1+6+8+2+8+2,580
16,5+1+7+5+1+3+2+5+5+3+8+5+8+2+6+5+8+0+1+6+0+2+8+8+0+4+8+1+7+8+3+9+4+9+6+2+8+0+6+7+5+7+3+5+3+8+8+9+1+1+2+2+4+4+4+8+7+1+6+9+3+9+6+8+2+8+0+4+9+8+1+5+1+2+3+5+6+2+9+7+3+4+8+3+2+2+8+5+6+7+3+2+0+3+2+6+8+0+6+6+0+8+5+6+2+3+1+9+4+8+9+5+4+4+1+0+9+8+3+3+2+2+7+7+3,578
17,1+3+6+6+1+9+6+4+8+6+3+6+2+6+7+4+7+8+0+8+0+4+9+6+5+1+0+4+5+7+2+8+1+2+3+1+0+8+5+9+3+5+2+0+6+4+4+6+2+2+1+8+7+1+4+0+1+6+5+9+4+4+7+7+7+1+6+3+9+8+9+1+8+3+3+7+6+2+8+4+3+5+1+4+1+3+1+0+0+5+0+1+2+8+6+7+8+3+9+2+1+3+5+1+4+4+6+3+8+0+3+9+8+2+7+5+7+5+0+7+5+5+2+7+1,541
18,0+2+8+1+0+2+5+4+2+7+1+7+3+5+6+8+9+8+9+4+9+0+1+4+0+0+6+2+2+4+5+6+6+8+2+1+6+5+9+3+1+8+1+4+7+8+0+8+2+9+6+2+4+3+5+8+8+8+4+8+4+1+1+3+6+0+4+9+3+9+0+9+2+6+8+5+6+2+4+4+0+7+2+3+4+9+5+5+0+0+3+1+1+2+3+1+1+0+8+6+8+2+1+7+5+0+6+4+5+4+6+4+0+1+9+9+3+3+4+4+4+0+1+6+0,517
19,0+5+0+3+0+2+9+6+8+2+6+8+1+0+4+6+3+0+4+7+0+1+8+1+3+7+9+2+2+4+6+7+3+4+2+2+3+3+5+7+4+2+3+5+3+0+8+3+9+7+4+8+7+9+4+6+4+2+9+3+0+4+0+0+2+2+1+7+2+5+2+7+6+1+7+7+3+8+3+2+8+1+7+7+7+5+7+3+0+8+3+9+4+2+6+4+6+0+5+7+4+3+8+2+0+1+5+5+1+0+6+4+5+2+4+6+8+3+3+3+9+2+9+7+4,525
20,7+8+2+7+6+2+7+8+0+2+4+2+2+4+3+9+9+8+9+0+2+8+7+7+2+0+3+3+6+2+1+8+3+2+8+7+4+8+3+8+4+2+5+8+9+5+2+4+6+2+3+6+1+4+9+9+7+1+8+0+6+1+2+6+1+6+9+8+2+0+5+7+2+4+8+1+9+5+3+3+4+2+3+2+4+9+6+3+4+4+7+0+7+3+5+6+2+3+4+2+6+9+9+4+1+0+4+9+4+9+6+1+3+6+1+0+5+0+9+5+8+3+3+2+6,567
21,4+7+5+6+8+5+5+0+1+0+5+9+7+7+3+7+9+9+6+2+7+0+1+8+4+9+0+9+9+2+2+5+3+0+2+3+3+6+6+6+1+7+4+3+4+3+1+0+5+4+9+7+1+5+1+7+7+8+2+3+0+2+7+1+6+5+6+9+2+1+6+1+6+9+4+7+9+2+6+4+0+8+1+1+4+6+9+1+0+2+2+3+7+5+8+2+9+6+6+1+7+2+3+2+9+8+8+1+3+1+4+8+1+2+5+3+8+9+4+4+7+7+1+3+0,556
22,4+2+6+3+6+2+6+7+4+1+8+7+3+8+0+1+9+9+7+9+8+4+3+5+6+1+8+2+5+2+0+6+8+0+5+9+4+2+9+7+3+7+4+5+1+3+8+0+3+4+3+3+7+5+9+3+3+9+1+3+4+7+2+6+2+8+0+2+9+2+2+5+8+6+8+3+3+2+9+6+6+8+7+7+8+7+4+4+1+7+3+6+7+8+3+3+5+6+0+1+3+2+6+9+3+4+8+5+1+6+0+3+8+4+5+8+9+0+9+9+3+1+2+0+7,590
23,7+8+0+1+5+4+4+9+3+2+3+4+4+6+2+6+6+4+8+9+8+8+7+1+1+1+5+1+9+2+4+3+3+1+8+0+3+6+3+5+6+1+8+2+3+2+6+5+0+3+1+0+8+1+7+7+2+1+8+8+8+5+8+6+0+0+0+5+8+5+7+7+3+5+9+2+7+0+3+2+8+1+8+5+7+4+1+8+7+2+7+6+6+0+3+8+4+9+3+9+5+0+6+9+6+1+5+0+4+7+2+1+9+1+6+6+4+4+4+5+5+6+6+9+5,565
24,7+4+9+5+8+6+5+0+3+4+8+9+2+3+4+9+4+4+5+2+0+7+1+1+6+7+4+3+6+7+0+9+8+9+1+4+5+6+5+9+6+5+0+3+1+7+6+8+4+2+5+3+4+5+0+7+5+8+8+6+3+1+8+1+8+5+2+8+0+9+3+5+8+6+2+9+1+5+1+7+6+8+9+6+9+0+9+3+7+5+9+1+2+8+1+2+6+5+8+7+9+1+5+7+2+0+6+3+0+7+5+1+7+3+3+3+6+0+4+1+9+4+7+7+2,597
25,8+0+0+7+3+1+5+0+8+3+9+7+7+2+4+7+3+8+0+0+3+6+3+7+3+7+3+0+1+7+4+7+0+3+0+7+7+0+6+2+1+7+8+8+9+6+7+3+8+1+5+2+6+6+8+7+5+6+9+6+5+5+4+6+6+7+8+4+6+7+3+2+9+5+4+2+1+1+1+1+4+5+0+0+4+2+3+6+5+3+3+5+9+3+4+8+3+4+5+6+6+2+7+4+9+6+8+7+5+8+3+6+5+9+9+2+5+7+6+7+0+4+9+0+5,584
26,6+9+1+6+7+2+9+6+3+0+4+6+5+2+2+4+6+5+2+5+0+7+5+0+8+3+3+2+9+5+3+5+6+6+8+9+4+4+1+2+8+0+2+4+9+9+1+9+2+4+8+8+6+8+0+1+9+4+6+0+3+2+4+5+2+7+8+6+2+3+9+3+9+2+8+2+4+7+2+8+8+7+7+8+2+0+9+0+4+2+8+2+3+6+7+6+0+0+2+8+7+6+7+3+5+9+0+8+2+1+7+9+9+9+0+6+5+8+7+3+1+7+3+8+2,595
27,8+7+3+2+6+2+4+1+5+7+5+7+4+4+1+6+6+0+5+2+4+7+9+5+7+0+9+3+0+6+6+1+4+4+1+6+8+3+4+7+3+8+0+5+9+8+9+8+6+7+2+6+4+7+0+9+4+9+3+5+0+1+8+5+4+6+7+0+4+4+8+1+3+2+2+7+6+2+5+3+0+0+0+8+6+4+2+3+8+8+7+5+7+0+1+2+2+5+3+7+7+1+6+2+4+7+1+3+7+3+9+6+5+8+0+4+3+8+1+0+5+8+1+6+3,555
28,4+3+1+7+0+1+1+4+5+4+0+8+5+7+4+9+0+2+3+8+1+8+8+4+4+2+8+1+5+1+4+4+7+6+4+4+3+2+4+0+4+6+6+5+3+0+1+7+0+7+6+5+2+8+9+0+6+5+2+2+7+3+0+6+4+0+8+4+2+1+4+5+2+6+0+2+7+7+9+1+7+0+1+1+5+7+2+2+4+8+9+2+2+5+5+2+4+1+1+2+0+5+0+9+0+9+8+2+3+4+8+2+0+3+9+8+3+8+0+0+7+0+1+2+8,487
29,3+7+8+5+5+6+0+1+1+2+1+3+5+1+3+0+0+9+5+5+8+1+3+4+8+4+2+1+9+1+1+7+8+6+5+7+3+9+4+3+2+5+7+0+7+1+7+3+0+6+7+2+8+0+2+3+2+6+9+2+8+3+5+7+9+5+4+4+4+8+7+1+4+9+3+6+2+1+1+6+0+7+4+6+6+7+2+6+0+2+9+3+6+6+9+3+4+7+4+4+2+7+2+2+5+6+3+8+4+4+6+9+3+8+4+0+8+0+4+1+5+4+7+4+0,541
30,4+9+2+0+4+0+2+5+4+3+9+2+9+7+0+7+3+3+5+9+5+8+2+4+8+1+6+2+0+0+4+4+8+2+0+5+1+8+5+0+5+5+3+5+7+4+4+1+2+8+0+2+2+0+4+8+5+4+2+1+2+0+3+7+4+0+7+4+5+3+2+9+6+1+9+1+6+2+1+5+4+2+7+4+6+2+2+3+9+9+4+8+3+7+4+9+5+7+0+1+1+1+1+2+0+2+2+5+2+2+7+4+6+8+7+4+4+6+6+6+7+7+9+1+7,512
31,9+4+1+0+3+6+9+4+6+1+1+8+9+5+0+6+5+7+5+8+4+1+5+7+2+8+9+5+9+4+9+1+8+0+6+9+2+3+2+2+1+5+8+2+8+0+3+3+8+8+7+9+2+4+3+9+7+0+6+8+9+0+6+2+2+3+2+3+8+9+6+3+5+6+8+8+4+3+6+9+2+7+3+8+3+8+0+0+8+5+4+4+0+8+6+4+9+5+4+7+6+0+3+9+3+9+3+5+7+4+3+9+1+8+7+3+1+7+9+5+3+7+1+9+9,622
32,6+5+5+9+9+8+2+1+9+9+4+3+1+1+3+5+1+9+3+6+6+5+2+9+4+4+3+0+8+9+6+0+1+9+7+6+5+4+1+4+8+2+0+7+6+5+2+6+3+1+9+2+4+2+6+3+0+9+6+4+2+1+7+7+8+4+5+8+7+1+7+3+7+4+1+3+0+7+3+6+4+3+7+8+6+3+8+0+4+6+7+2+7+9+5+0+1+9+3+6+3+6+9+8+7+8+2+5+3+6+8+1+9+2+9+0+1+5+1+7+6+7+7+4+4,594
33,0+1+1+3+2+1+1+6+9+8+1+4+8+1+4+6+9+6+4+8+8+8+5+2+3+6+4+3+4+2+9+4+6+2+9+9+3+3+4+4+3+0+6+9+8+4+6+7+7+7+9+0+8+6+6+9+5+6+7+1+8+2+1+2+1+9+8+5+8+0+9+2+9+5+2+2+8+7+7+2+3+5+1+8+4+2+5+1+0+1+3+2+9+6+3+2+3+0+5+8+1+3+8+8+3+8+4+2+0+3+3+1+4+1+4+5+0+4+2+8+0+3+9+1+0,548
34,6+2+1+0+8+8+5+0+3+2+7+8+3+9+0+1+9+4+6+0+8+4+4+6+1+2+3+9+4+7+9+9+2+9+4+1+3+8+9+5+3+4+3+2+7+1+7+7+1+9+8+3+3+5+0+1+0+6+4+4+3+5+4+4+9+5+4+2+7+5+8+2+2+7+8+2+1+6+8+7+1+0+8+4+6+1+5+1+3+6+3+3+3+7+6+4+1+6+6+2+9+3+9+8+9+8+6+6+3+6+1+7+4+8+4+8+8+9+4+1+9+4+7+0+9,592
35,2+1+5+9+3+3+8+1+0+6+9+1+2+2+2+9+8+7+9+4+1+2+6+8+1+5+2+1+9+1+5+4+3+8+5+5+7+4+9+7+5+2+6+7+6+5+0+8+2+0+5+4+3+0+9+5+2+2+6+1+4+4+1+7+7+8+2+4+1+0+3+5+8+4+1+8+2+3+3+1+1+2+1+6+8+0+7+5+4+7+2+4+2+0+5+7+3+1+9+1+9+5+1+6+5+8+3+2+6+0+8+9+8+0+4+3+3+8+4+2+6+3+0+0+3,519
36,3+6+9+3+2+7+4+4+1+7+5+0+2+6+7+0+4+0+2+9+7+3+2+4+0+4+7+4+4+4+5+0+8+8+9+3+3+4+0+0+6+5+5+5+0+8+2+0+8+5+7+5+8+9+0+3+6+7+7+6+8+3+0+5+3+5+7+8+5+4+2+3+3+9+8+3+8+5+4+8+4+6+8+9+0+8+1+5+1+7+8+6+0+5+1+2+8+5+2+8+7+9+4+8+3+4+7+3+3+5+2+9+4+0+1+3+6+2+9+7+0+6+6+5+1,571
37,7+7+8+3+5+4+1+1+2+8+4+6+2+6+6+8+4+9+9+8+6+4+6+2+7+5+8+7+9+8+7+7+8+9+6+3+2+9+7+7+2+4+7+4+3+0+7+0+9+6+9+3+6+0+3+5+0+8+1+7+7+6+3+2+8+1+0+1+9+5+1+1+8+6+0+1+1+9+1+4+3+4+2+6+5+3+8+6+1+8+4+3+9+5+1+4+3+0+7+5+8+5+5+6+0+8+5+0+2+7+2+6+1+5+9+6+8+1+0+8+3+8+4+0+8,595
38,5+3+9+1+4+8+4+8+9+0+9+8+6+2+1+3+8+7+6+0+3+2+8+7+9+9+1+4+8+8+6+8+2+5+4+9+5+1+1+8+2+8+6+1+8+6+1+3+5+9+6+4+0+2+4+7+9+4+9+1+2+6+8+9+8+4+3+2+8+3+1+4+8+9+3+5+4+6+6+3+6+7+6+0+6+8+0+3+7+3+7+3+8+2+1+2+4+4+2+2+5+5+3+4+4+3+5+9+5+8+8+8+3+0+3+0+1+5+2+6+7+1+6+2+6,596
39,9+3+7+8+7+3+7+3+0+5+2+1+7+2+5+0+3+0+7+7+4+2+8+8+9+9+5+7+9+4+0+3+1+5+6+7+3+8+3+4+2+9+4+2+9+9+6+9+5+9+6+3+4+4+5+8+3+9+0+6+0+6+8+2+9+1+6+5+6+4+9+3+5+3+5+4+6+9+7+4+8+3+4+4+6+5+1+0+6+1+6+8+5+7+1+2+1+5+7+5+8+0+5+7+2+0+7+5+1+1+2+3+8+2+7+9+5+8+2+9+7+1+5+0+8,602
40,3+1+2+3+6+9+3+9+2+8+0+2+8+0+6+4+9+5+2+1+8+0+9+7+9+9+4+9+0+2+9+0+4+8+2+5+4+6+9+1+7+5+2+0+5+4+8+6+3+4+9+7+5+4+0+9+2+5+0+0+9+1+6+2+7+9+1+8+3+3+8+5+5+8+4+9+3+7+2+6+8+1+3+0+2+2+8+0+5+2+6+5+4+4+1+1+0+2+1+4+8+7+0+0+4+2+5+2+1+7+5+0+7+3+3+3+8+7+6+9+8+4+1+1+9,548
41,8+2+2+4+3+8+2+8+9+3+9+9+6+9+3+8+3+7+7+9+4+4+9+5+8+1+2+2+5+9+8+2+2+2+5+3+9+2+2+6+9+8+6+3+3+6+4+0+8+9+2+7+7+5+1+9+2+9+6+7+6+4+0+4+9+1+9+9+9+4+4+5+9+7+8+0+6+6+8+2+5+9+1+2+6+9+8+1+6+9+0+3+5+7+2+2+4+5+3+6+2+9+5+0+5+5+9+0+5+9+9+8+1+3+4+9+2+7+0+7+2+8+4+0+9,645
42,7+8+4+1+9+8+5+7+0+9+0+6+4+0+5+8+8+6+9+0+2+0+6+4+5+1+1+6+4+3+4+3+0+7+4+3+4+2+0+1+8+8+4+0+8+5+3+7+8+3+6+7+7+5+8+1+1+2+2+8+2+7+4+5+7+7+2+8+4+0+8+5+4+5+1+0+7+1+2+6+3+6+3+6+6+2+8+0+3+2+7+8+8+2+9+0+7+5+5+2+4+3+3+9+5+9+5+6+6+8+8+4+1+5+4+0+4+4+1+1+0+8+9+6+4,559
43,1+5+9+7+1+0+7+3+3+4+2+9+3+1+3+3+9+2+2+3+2+0+8+8+2+6+2+0+1+3+4+7+3+6+7+5+3+0+3+2+2+4+9+6+4+2+2+5+6+8+0+9+5+7+5+7+6+7+1+8+5+4+9+9+0+7+4+8+6+2+6+1+5+4+7+4+8+0+9+1+1+8+8+5+6+6+0+5+0+9+1+9+2+5+2+1+1+5+5+5+1+6+4+9+4+2+6+0+7+6+3+6+0+0+1+0+2+9+0+1+1+8+4+5+5,525
44,4+0+7+5+5+9+8+4+9+9+9+8+2+8+2+8+8+4+6+4+6+3+6+6+3+7+8+9+8+6+4+7+3+3+5+9+0+1+9+3+4+7+0+9+9+7+8+1+2+4+8+0+0+4+3+6+2+7+8+1+2+8+9+2+4+5+9+2+9+1+2+1+5+4+4+3+1+1+4+9+1+7+8+2+8+1+7+8+8+6+3+1+4+3+5+1+8+2+3+2+0+9+1+9+1+3+7+6+2+9+5+4+6+5+8+6+2+1+6+9+3+9+7+8+8,622
45,2+6+2+7+6+0+2+6+2+3+3+0+6+4+7+8+9+1+6+9+6+2+3+3+9+1+7+5+4+2+2+6+9+5+1+7+9+3+5+7+4+4+8+0+9+5+0+0+5+0+9+0+9+3+7+0+9+9+8+0+5+7+3+6+0+8+7+4+4+4+7+8+7+1+3+9+6+0+0+8+2+9+5+5+1+3+0+1+1+0+5+3+5+3+4+3+0+9+0+2+9+1+0+7+3+2+7+8+1+2+2+0+6+2+5+0+8+2+5+0+9+6+2+5+6,530
46,2+8+3+0+0+1+1+6+5+6+8+1+7+7+1+8+1+5+2+7+1+5+0+3+8+6+3+9+9+1+9+3+6+1+2+0+0+9+2+2+2+1+7+7+5+0+6+9+7+1+6+7+8+7+6+8+4+1+2+7+8+4+8+3+5+6+3+2+0+1+6+0+4+2+2+1+2+6+5+9+7+5+0+7+7+0+3+9+8+3+6+2+6+2+8+6+3+2+9+3+4+4+6+6+9+6+2+3+8+1+3+9+9+0+6+3+4+9+4+9+3+8+6+1+9,564
47,5+1+2+3+9+7+4+5+3+4+6+0+2+1+1+3+5+8+2+6+0+9+8+7+1+1+7+4+8+6+1+9+0+7+3+6+8+5+4+9+4+9+9+3+1+5+5+6+6+4+6+3+8+0+0+8+0+8+7+8+0+7+6+8+8+6+4+9+7+5+2+2+6+7+9+3+3+2+3+0+5+9+2+6+6+7+8+3+7+2+4+8+9+7+9+4+0+7+7+9+6+4+1+4+1+2+7+9+0+6+3+7+9+7+3+6+0+3+6+4+6+6+6+6+0,608
48,8+2+2+5+9+0+8+5+9+9+2+5+8+3+1+6+2+4+8+0+1+2+3+7+4+5+8+6+4+4+9+4+7+3+5+2+2+4+1+9+5+1+8+7+8+5+2+6+3+2+0+6+2+0+5+7+7+0+6+7+3+6+7+1+3+2+1+8+3+7+2+2+1+5+1+4+2+5+2+7+3+3+9+1+3+0+9+8+7+3+7+8+5+3+8+8+4+7+2+4+2+5+1+7+3+4+9+0+6+3+5+2+7+8+3+1+9+8+3+4+3+2+7+2+1,552
49,0+9+2+4+8+0+4+7+5+3+2+6+7+0+1+5+1+3+2+2+4+8+7+0+2+3+5+3+4+7+5+9+3+5+1+0+8+0+0+1+7+7+6+5+7+6+2+6+5+4+0+8+2+7+9+6+4+5+9+8+3+1+3+9+4+0+2+4+0+6+4+1+6+4+3+0+3+9+7+8+8+0+1+8+9+3+5+5+7+2+4+8+5+0+6+0+4+0+9+5+9+6+1+4+1+9+9+8+5+7+6+3+8+6+1+0+5+0+0+8+6+6+7+3+6,549
50,5+3+1+1+8+5+2+4+2+0+6+0+7+0+4+6+1+9+9+9+5+7+1+5+2+3+1+9+7+6+7+2+9+7+6+6+3+0+9+5+6+7+5+2+8+8+7+3+4+3+2+2+4+1+9+3+3+7+4+0+3+2+3+4+0+8+5+9+1+2+5+8+5+7+6+0+3+0+4+2+8+2+2+1+4+7+4+9+2+5+4+4+5+2+4+1+2+9+4+2+0+2+3+0+3+4+7+3+9+5+1+4+0+5+1+6+8+2+9+7+1+0+2+9+0,519
51,9+2+0+5+0+6+1+3+7+3+0+8+8+4+3+6+3+5+1+2+5+8+4+6+0+7+4+0+7+4+3+2+8+1+6+5+4+6+0+3+9+0+8+5+8+2+3+3+7+1+7+9+9+0+7+1+9+5+7+5+0+5+8+7+5+0+1+5+1+4+3+6+4+1+2+7+3+9+0+3+3+5+9+7+7+1+2+2+9+3+4+1+8+6+1+7+0+7+0+1+6+3+6+2+1+3+8+4+1+3+7+6+3+1+3+5+4+7+9+8+2+2+0+4+1,520
52,2+0+5+6+3+5+4+6+5+0+2+7+1+8+6+8+7+0+3+0+4+8+2+2+0+0+9+9+7+6+3+9+0+5+3+7+1+5+4+3+2+0+2+0+1+3+5+3+1+4+5+5+6+4+5+8+1+5+7+4+2+9+9+1+2+7+9+9+8+9+9+5+2+0+0+5+7+6+4+3+5+9+3+5+6+3+3+0+2+3+4+2+0+9+6+5+3+5+1+8+2+3+1+7+5+7+1+8+4+5+6+7+6+8+0+3+9+5+9+6+2+3+6+3+0,540
53,3+7+9+6+7+6+5+2+3+5+1+0+2+3+1+5+0+2+5+1+6+5+5+7+0+6+7+9+7+2+1+4+9+4+4+9+3+1+3+8+7+5+5+4+2+0+4+3+6+7+8+9+6+9+3+5+8+6+4+1+2+9+8+9+0+1+9+0+1+7+8+2+6+4+2+0+2+4+9+9+5+9+1+5+3+3+0+5+2+9+0+1+1+8+9+5+3+0+8+2+3+8+0+3+7+3+6+6+4+8+3+7+8+5+4+0+0+2+7+9+9+3+8+6+9,574
54,3+2+2+8+1+1+8+2+6+8+6+7+7+7+3+2+3+5+7+4+2+3+8+0+1+8+9+5+8+5+8+0+6+6+1+5+8+8+1+2+8+5+9+0+3+2+5+1+6+7+3+7+5+3+0+1+3+6+2+4+4+0+1+5+0+0+7+8+9+5+3+7+0+5+3+9+5+6+5+7+2+3+3+5+7+0+4+7+0+4+3+0+2+6+7+4+6+6+6+7+7+0+3+4+4+2+0+9+2+2+9+7+4+9+2+6+1+1+3+0+5+3+5+4+1,530
55,6+1+0+1+3+3+6+1+6+6+5+9+7+2+4+2+7+5+7+2+7+9+8+6+5+0+6+8+3+9+3+1+4+5+0+3+4+6+6+5+2+8+3+2+5+1+4+1+6+7+7+6+7+4+1+3+9+8+6+5+3+9+3+9+9+1+2+7+8+7+5+3+3+8+7+3+3+4+8+8+2+3+1+7+6+3+6+3+4+9+6+1+3+3+1+6+9+4+9+9+2+8+9+8+8+6+0+3+5+5+6+8+6+3+2+5+8+6+4+3+1+6+4+3+3,603
56,5+7+7+2+5+8+1+5+7+0+7+0+4+6+7+7+5+7+2+1+3+0+5+8+5+8+7+3+3+2+4+5+0+0+8+3+6+2+4+1+5+6+1+2+8+1+5+1+5+5+8+3+5+1+8+1+0+9+4+9+6+4+8+7+0+7+8+9+6+2+1+8+8+3+7+4+1+9+9+7+3+8+5+5+0+6+2+8+5+4+8+0+9+8+4+1+9+7+5+8+0+5+9+1+0+7+6+4+7+8+3+3+3+7+0+2+6+4+2+3+6+0+3+5+5,575
57,5+7+1+4+3+2+9+9+4+3+7+7+0+2+5+2+9+5+5+4+6+2+8+4+2+3+2+1+2+6+4+3+3+4+3+0+9+3+8+8+2+7+7+5+1+1+6+3+4+0+3+6+8+0+3+1+3+0+7+6+6+5+0+0+9+2+3+3+4+9+4+6+5+9+2+1+3+4+4+5+7+8+4+6+1+9+0+8+7+2+8+2+0+7+0+3+1+1+3+8+8+3+8+9+8+2+4+6+5+3+5+4+4+5+9+0+4+9+7+8+0+9+5+2+3,546
58,6+2+0+0+2+6+4+4+2+3+3+3+4+3+9+5+1+5+6+8+2+3+9+5+6+7+1+7+0+7+9+1+8+7+6+9+7+8+8+7+5+7+3+2+9+2+0+3+3+1+0+8+1+6+4+0+6+0+8+2+5+3+9+5+4+9+7+6+9+9+4+0+8+6+9+5+7+8+1+2+0+6+3+3+3+0+9+8+8+6+5+5+8+5+6+3+5+5+2+2+3+7+3+1+0+5+1+5+2+1+5+1+7+7+0+6+6+8+1+3+3+9+9+9+7,580
59,2+6+0+7+9+0+1+7+5+7+3+4+5+5+8+9+7+2+6+0+7+5+1+9+5+8+2+1+8+3+3+1+7+9+9+1+6+0+4+1+5+2+5+2+2+4+5+8+7+7+6+8+5+3+4+2+6+8+9+1+0+7+9+1+4+0+0+2+7+4+0+6+9+6+1+0+0+4+2+4+2+1+0+9+5+7+2+3+4+0+2+3+8+2+4+8+2+8+3+1+7+4+4+8+1+1+7+7+1+0+8+9+9+2+1+6+8+0+1+4+0+9+1+9+4,533
60,5+9+9+8+4+2+7+6+3+9+5+8+3+7+1+4+9+4+8+8+2+0+3+2+4+6+7+4+6+5+1+7+1+1+4+9+3+7+7+5+2+5+1+0+2+6+0+2+5+0+7+0+1+6+4+4+5+3+9+8+7+7+3+4+4+8+8+6+6+5+3+8+5+6+6+3+2+1+6+8+3+6+9+3+9+0+2+0+2+8+8+2+8+1+5+7+2+7+7+9+9+5+6+4+0+5+4+8+3+4+9+1+5+4+6+7+4+4+3+7+0+6+0+7+6,594
61,3+3+3+2+0+1+1+6+4+3+3+8+0+3+6+8+4+5+3+4+7+9+1+9+6+0+7+4+6+6+5+5+0+0+3+8+3+4+1+4+8+5+5+5+2+7+7+6+1+0+6+3+4+3+5+4+1+7+5+6+5+8+6+0+3+8+6+9+3+9+0+7+0+7+0+6+3+4+5+2+7+5+5+6+2+0+9+1+2+9+8+9+8+3+7+5+1+9+0+2+5+8+5+2+4+0+2+5+1+5+0+1+1+8+7+1+4+9+1+7+8+8+7+5+8,549
62,4+7+5+4+9+5+5+5+8+6+9+4+5+3+8+1+6+7+8+9+1+7+9+4+9+8+8+9+4+5+3+8+4+2+5+1+5+2+8+1+5+3+2+9+0+9+7+8+4+6+3+4+9+5+4+8+3+7+4+3+4+7+9+4+6+0+7+3+1+4+2+2+8+6+3+8+7+1+4+4+3+8+6+8+5+6+9+3+4+4+5+9+0+1+1+9+9+5+4+8+5+5+3+2+8+2+8+7+0+2+1+9+5+7+8+1+9+0+6+1+9+5+2+9+9,644
63,4+9+3+2+2+7+5+4+0+6+4+5+4+3+3+3+6+7+1+8+4+9+0+0+0+6+0+8+4+1+4+2+7+2+7+9+4+9+2+9+4+4+8+2+4+1+8+8+9+4+7+5+7+4+0+8+0+1+8+9+0+5+2+0+6+0+1+6+0+1+6+1+7+1+9+6+0+3+6+6+9+1+4+2+3+4+0+8+5+8+1+0+9+6+8+6+3+1+6+9+9+1+6+7+9+2+9+4+2+2+7+0+6+6+6+3+2+2+2+1+0+2+8+0+7,536
64,1+9+7+6+2+0+5+2+9+6+8+9+6+9+0+1+2+9+0+7+0+7+5+5+7+2+0+5+4+1+1+5+8+9+1+9+5+4+8+7+9+1+7+4+8+0+4+2+3+3+2+5+4+3+0+7+2+0+3+4+4+5+1+8+9+0+8+3+1+0+6+3+8+4+6+4+5+2+6+0+4+4+4+2+9+9+8+9+0+6+4+8+6+4+8+3+7+5+9+4+0+2+8+1+8+2+6+0+8+5+5+5+3+0+5+2+8+8+9+7+9+2+2+6+8,577
65,4+8+3+3+9+2+5+2+9+5+9+9+1+8+6+4+9+0+6+6+0+8+7+4+9+6+5+5+7+8+0+2+6+5+1+6+6+6+6+9+2+3+4+0+3+1+6+6+5+9+6+0+1+3+4+3+8+1+5+4+9+9+6+0+2+1+8+7+7+9+6+8+3+5+6+9+7+4+4+5+7+4+9+4+3+4+3+6+9+4+3+9+4+6+5+9+0+9+1+1+4+1+0+4+6+7+1+6+1+2+8+9+7+0+1+0+5+9+0+1+4+4+5+8+7,603
66,7+7+9+9+3+0+9+0+9+3+0+2+0+6+0+8+3+9+5+7+5+8+4+9+0+0+8+9+8+7+2+2+1+1+0+0+4+1+2+1+0+7+1+2+4+9+6+8+8+8+3+9+0+4+4+1+5+9+9+0+1+4+4+3+3+1+5+4+0+7+1+4+8+3+7+6+7+2+8+1+6+9+0+6+8+4+9+6+9+7+8+8+0+3+4+1+2+8+6+8+2+0+6+6+2+3+6+8+8+0+0+3+7+2+9+3+5+2+6+6+4+3+7+1+0,555
67,2+4+3+3+4+1+0+9+3+2+1+1+2+9+3+6+7+6+0+1+8+3+9+6+1+2+2+4+9+7+3+8+8+1+2+1+8+3+2+7+3+7+2+6+0+0+1+9+5+6+5+4+3+8+5+1+6+3+0+6+1+7+7+9+4+3+1+3+5+7+9+4+7+3+0+7+3+4+7+9+9+7+2+2+3+2+1+8+9+1+5+7+3+9+4+9+5+3+1+8+0+2+5+5+2+2+7+9+8+1+8+9+6+8+4+7+6+8+6+3+5+8+4+4+8,574
68,6+2+1+0+9+8+6+8+6+8+4+1+3+1+7+9+9+6+9+3+7+2+3+6+0+7+5+5+4+2+5+7+3+2+7+2+1+5+8+4+6+9+2+1+4+1+6+5+5+1+9+9+2+1+1+0+7+3+4+3+7+6+8+1+0+7+0+5+4+5+2+1+8+4+1+4+1+4+3+9+2+4+0+0+4+1+2+0+5+3+5+6+2+5+6+8+9+2+9+5+7+5+2+1+7+1+9+7+2+8+2+0+4+6+2+8+3+2+6+1+6+8+2+9+7,543
69,6+0+6+7+4+6+5+5+4+0+5+2+2+2+4+8+7+1+2+4+9+1+6+5+2+3+1+4+8+2+2+0+3+6+6+1+5+0+7+0+0+1+1+6+0+7+0+7+5+6+7+3+9+2+3+9+9+3+8+1+0+3+9+3+2+5+8+0+0+6+2+2+1+7+4+1+5+8+3+4+8+0+0+8+0+7+4+0+0+2+3+4+3+3+3+0+1+9+9+1+2+3+7+9+7+5+9+2+4+9+0+1+7+8+4+2+6+3+9+9+2+7+1+4+2,498
70,0+5+2+9+8+5+9+2+2+7+1+6+8+2+1+7+5+7+0+4+5+8+9+7+3+1+8+6+3+9+7+8+8+5+7+3+5+0+6+9+9+3+6+5+6+6+9+5+1+6+6+4+0+3+7+2+4+8+5+3+9+9+6+2+7+4+6+3+0+9+8+9+9+3+0+0+8+6+4+8+7+6+1+0+8+1+3+8+2+6+1+6+7+1+2+5+8+5+2+1+5+6+0+5+4+8+8+8+9+0+0+4+0+3+9+6+4+4+7+9+6+9+7+2+6,624
71,4+7+0+2+3+7+4+9+1+7+0+1+3+8+4+6+4+0+4+5+3+2+7+2+7+0+1+2+3+1+8+7+0+6+6+8+1+9+9+2+1+5+7+1+3+9+4+8+3+0+7+4+5+7+0+7+1+5+1+9+7+0+9+7+3+2+1+1+3+9+6+3+5+9+8+9+3+1+0+8+9+9+6+8+3+8+7+6+5+2+0+9+5+2+9+6+0+0+6+4+7+3+3+7+9+7+1+0+3+6+6+5+8+3+4+3+9+9+7+8+2+6+7+4+7,582
72,5+8+6+1+1+0+7+9+1+3+7+4+1+3+1+6+9+8+2+7+9+6+8+0+9+6+8+1+0+4+1+6+7+4+2+0+7+0+2+6+3+6+2+1+8+8+0+4+4+9+2+7+6+2+9+5+3+0+2+2+0+7+5+1+7+9+9+3+2+1+7+2+3+2+5+1+9+4+5+0+6+3+3+0+9+6+1+9+8+1+3+2+1+3+3+4+4+2+9+0+9+7+8+7+3+0+2+7+3+6+9+8+0+6+8+0+4+4+8+4+9+4+6+8+2,549
73,3+8+2+0+5+7+4+1+8+7+6+1+3+2+3+3+6+8+4+7+9+3+8+5+0+4+3+7+9+0+7+2+6+7+7+5+6+8+5+6+2+7+1+7+1+1+3+0+7+7+0+5+1+3+0+0+0+6+0+4+9+3+8+6+5+4+6+7+2+1+7+3+7+2+1+2+4+8+2+3+9+9+5+0+7+9+6+6+7+2+1+5+6+1+9+4+0+5+0+9+1+6+7+0+8+6+3+1+3+4+1+9+7+2+8+6+9+7+8+0+5+0+2+9+0,552
74,8+4+7+6+9+7+4+5+2+9+0+8+0+4+3+7+7+5+4+4+8+5+2+5+8+8+5+8+5+7+1+9+3+1+5+6+4+5+2+1+3+1+8+7+5+3+1+9+5+8+2+2+4+2+5+1+8+2+6+1+3+0+0+2+3+0+0+9+1+8+7+0+0+3+1+1+5+8+7+2+0+0+8+2+2+6+8+0+3+7+7+2+1+2+5+3+2+6+9+5+9+3+0+2+7+1+1+7+2+5+6+7+1+1+8+4+6+2+9+4+4+3+0+3+1,518
75,2+1+5+3+0+7+8+8+9+3+9+0+9+7+8+4+2+1+5+3+7+9+7+3+6+0+7+5+5+2+6+6+1+0+7+4+8+4+2+0+3+5+4+5+3+8+1+5+1+4+3+0+1+1+6+7+6+5+7+8+3+9+2+3+3+3+3+3+0+7+6+4+5+2+0+9+5+1+2+1+9+7+9+8+6+7+2+1+9+3+7+5+8+9+2+6+4+1+1+0+0+9+5+0+8+3+0+6+9+2+5+7+7+7+0+8+1+2+9+8+9+6+3+3+3,561
76,3+6+6+6+8+0+5+2+7+9+5+8+5+0+2+1+7+1+6+0+6+7+5+0+9+4+0+5+1+6+6+4+1+7+0+6+7+5+3+8+7+0+1+5+1+1+5+8+6+6+2+5+9+1+4+8+3+6+6+6+7+5+5+2+3+6+1+0+6+8+4+8+3+7+3+8+6+5+8+6+0+7+9+5+8+1+7+1+8+7+0+4+8+2+3+0+7+2+9+6+5+1+0+2+3+2+4+7+0+2+8+3+7+7+7+2+3+6+2+5+8+6+3+9+3,567
77,0+6+2+0+1+8+6+3+4+8+8+6+7+3+6+6+2+5+5+7+8+7+1+9+8+0+7+5+4+2+0+5+7+3+7+1+9+7+0+1+2+8+5+5+9+9+1+2+8+7+0+9+4+8+3+7+5+4+4+7+4+9+7+0+2+0+6+6+7+9+3+5+5+0+2+0+5+6+4+2+5+1+3+8+7+8+9+8+4+7+1+0+1+8+6+3+5+5+5+4+3+1+3+8+5+1+2+6+4+3+6+1+8+1+1+0+2+4+3+0+5+0+8+7+4,557
78,8+6+0+5+8+7+2+7+9+2+6+4+8+3+9+5+1+8+3+5+5+8+0+9+4+1+9+3+2+5+5+3+4+6+4+2+3+0+1+5+5+9+0+8+6+4+9+8+5+5+0+1+5+4+7+5+9+7+7+1+2+4+0+5+0+5+2+5+9+3+1+8+8+9+9+5+0+3+9+3+8+2+9+3+6+2+6+4+0+9+2+7+6+2+2+8+7+0+3+2+0+0+0+5+4+2+1+2+0+9+5+1+5+0+2+6+0+6+7+6+2+1+5+5+4,546
79,6+7+6+9+7+5+3+7+0+4+2+6+6+5+5+3+4+7+6+8+8+9+5+6+3+2+9+7+4+9+4+1+2+0+8+9+3+2+6+4+6+2+8+2+4+7+8+3+2+4+8+5+1+7+5+3+0+8+4+4+6+4+5+5+7+4+3+9+3+9+1+3+0+7+7+8+9+2+5+1+1+4+0+2+4+6+3+4+6+3+0+0+7+1+1+6+6+8+4+8+9+1+9+9+7+2+8+1+9+5+7+5+9+0+4+6+7+0+8+5+7+8+3+0+7,606
80,9+2+3+6+8+3+7+2+8+7+1+7+0+4+4+6+9+6+5+5+0+4+0+0+0+3+8+0+2+9+6+1+7+6+7+6+8+4+2+5+1+7+9+8+3+4+6+7+2+3+8+2+0+1+2+6+4+3+2+7+8+9+7+8+1+2+8+4+8+4+7+9+5+7+5+6+1+6+8+3+0+6+5+1+0+2+5+1+1+3+2+3+8+0+2+4+1+4+1+1+6+0+4+5+2+6+5+3+9+5+4+7+3+2+8+8+4+7+0+6+0+2+8+2+4,541
81,9+9+5+5+9+1+0+1+7+0+3+9+8+1+2+7+5+0+3+5+4+9+6+0+6+8+7+6+0+2+5+8+8+9+8+8+4+1+6+0+4+7+7+3+2+1+3+3+0+2+0+1+2+7+0+2+3+8+5+6+4+3+9+9+3+7+6+4+4+5+0+4+3+8+6+8+1+0+8+4+1+9+6+7+4+5+1+1+6+9+4+3+6+8+8+8+4+6+5+2+7+0+3+6+3+5+8+6+1+1+5+7+1+8+7+1+1+0+2+1+5+0+0+9+4,550
82,6+6+8+2+3+1+8+4+6+1+0+4+7+6+1+6+6+2+5+7+9+6+8+3+4+5+7+4+2+7+9+9+4+4+8+0+3+5+4+3+3+2+1+5+1+8+9+3+8+6+9+5+6+1+4+5+9+8+5+9+4+9+0+1+2+0+1+3+6+5+5+5+0+9+0+3+1+8+5+7+2+3+7+0+8+1+3+9+7+3+8+3+4+0+4+7+2+4+7+9+2+2+7+9+2+7+8+4+7+0+8+7+3+3+7+0+6+1+6+0+8+4+6+8+3,583
83,9+2+8+8+3+8+6+7+1+0+9+6+8+8+8+7+1+2+1+6+5+5+3+1+0+5+1+8+3+2+1+0+9+1+4+7+4+3+5+9+9+1+5+5+9+8+6+9+8+9+7+0+6+6+1+9+8+2+5+9+2+2+4+2+3+4+1+9+7+2+9+7+8+2+1+1+9+6+4+9+5+3+4+7+1+4+3+6+2+7+0+7+8+5+5+8+9+9+7+5+6+2+3+2+1+6+6+4+2+4+3+6+4+1+8+6+2+1+0+6+9+2+3+9+7,606
84,3+9+1+9+4+5+5+2+7+7+2+8+7+6+6+2+8+8+3+8+0+2+0+4+3+7+6+0+8+5+8+3+8+0+0+8+9+9+0+8+4+8+1+1+2+7+9+6+9+3+7+3+5+2+3+9+1+7+9+5+2+4+1+3+6+0+6+2+1+4+1+4+5+6+9+3+0+8+0+0+1+7+2+9+9+5+9+5+8+0+8+1+6+1+8+8+0+0+9+4+6+1+4+4+2+5+4+6+0+6+2+4+2+4+7+5+6+5+8+6+2+0+4+1+9,567
85,0+6+0+3+9+2+6+7+7+7+6+1+9+5+4+8+8+1+2+0+1+3+1+9+7+4+3+4+6+8+2+0+4+1+0+8+2+9+7+7+1+3+7+9+8+7+5+9+2+7+5+6+4+8+6+4+3+0+4+3+7+3+4+8+7+5+0+0+3+7+7+9+0+0+4+3+6+8+5+3+5+8+2+6+7+7+6+4+2+7+2+2+4+7+3+8+1+6+7+0+1+5+9+4+1+7+4+9+4+9+7+0+2+9+0+3+0+7+4+4+0+6+6+0+1,563
86,4+3+7+5+5+8+3+1+3+9+9+6+9+4+3+2+9+9+8+4+6+8+9+0+3+3+9+2+6+2+2+6+3+1+7+3+6+0+5+5+3+0+6+1+8+5+3+0+9+1+9+4+2+6+1+7+0+1+5+4+0+0+5+9+1+7+8+6+2+4+2+9+1+1+6+0+9+5+2+7+6+1+8+7+5+5+9+8+9+0+2+7+2+4+8+0+0+6+8+6+4+9+7+2+9+6+4+6+1+3+9+4+3+9+3+4+1+1+6+0+2+5+4+6+3,568
87,3+8+1+4+8+2+0+8+1+3+6+6+4+0+7+3+7+6+7+2+6+5+3+3+3+2+8+6+1+7+6+9+6+4+7+2+1+0+1+1+9+1+4+4+2+1+8+0+2+2+1+7+6+5+0+2+4+1+4+8+7+8+8+1+8+4+0+3+6+7+0+7+6+6+7+6+6+9+3+3+3+7+2+7+1+6+6+4+8+1+5+5+5+0+0+7+5+5+3+6+8+2+2+9+8+8+2+8+3+4+7+8+8+9+0+5+4+4+7+1+6+2+8+3+4,559
88,4+1+3+0+7+6+2+9+8+4+1+2+9+2+6+4+1+1+1+9+8+9+9+7+7+0+1+3+2+5+8+1+1+8+5+1+1+6+3+0+2+9+8+7+6+3+9+0+4+0+6+1+6+1+6+7+9+2+4+8+3+1+8+0+2+1+8+7+9+3+8+3+4+6+5+3+7+6+3+9+4+6+8+6+3+8+2+4+5+0+7+4+7+4+9+0+6+3+6+8+9+3+4+5+0+6+6+3+4+3+0+5+8+7+5+6+7+4+3+2+2+7+6+7+8,579
89,9+1+7+8+3+1+0+6+0+4+1+6+8+3+5+2+0+0+1+1+8+4+3+7+7+5+5+6+6+1+3+3+0+6+6+6+4+3+6+3+6+1+2+7+7+4+9+8+2+2+0+3+9+4+4+0+1+5+9+4+5+6+1+8+2+4+7+4+8+1+4+3+2+8+3+9+4+3+0+1+7+4+7+1+6+8+3+8+0+5+2+5+9+8+0+3+7+5+2+3+7+9+5+5+9+3+1+7+9+7+6+8+7+2+5+6+7+9+8+0+4+6+9+3+7,570
90,1+7+8+0+4+5+9+3+9+0+7+1+2+7+7+0+7+3+4+8+8+3+1+5+2+7+0+7+9+4+4+2+6+1+8+2+2+1+4+3+2+3+6+3+6+4+6+5+5+4+5+2+7+3+4+6+8+3+2+8+6+2+1+6+5+2+4+9+3+0+8+0+7+4+7+6+0+2+0+4+2+1+9+9+9+1+2+0+4+8+5+4+9+9+7+6+2+4+5+9+2+7+6+7+8+2+9+1+8+1+7+4+5+4+0+1+6+1+9+0+4+9+9+3+9,566
91,2+1+2+3+2+5+2+1+3+7+2+0+4+5+4+2+5+3+0+4+1+8+4+5+7+5+4+8+3+6+7+9+7+2+2+9+1+3+4+3+0+8+6+8+7+4+3+7+8+2+8+3+7+2+4+8+3+6+5+6+4+7+9+3+0+3+3+5+6+2+7+9+8+6+8+5+0+0+1+7+2+1+7+3+3+4+1+2+8+9+7+5+7+1+3+0+4+3+9+9+6+8+2+7+6+3+7+0+0+7+4+8+1+5+5+7+4+1+3+1+6+9+2+4+2,549
92,2+3+6+3+2+1+4+5+7+7+9+6+6+8+8+8+4+9+1+2+1+3+6+8+8+3+5+8+1+0+8+0+6+2+9+5+8+1+6+5+5+2+2+1+0+5+3+6+3+5+3+0+5+4+8+8+7+7+5+4+0+6+2+9+3+6+4+8+0+4+3+9+5+1+7+4+6+7+4+7+4+2+6+3+2+5+2+3+1+1+1+5+7+6+7+5+6+5+1+3+2+2+0+4+9+3+5+9+1+7+6+1+8+6+5+9+1+6+8+2+8+2+3+5+8,567
93,9+0+5+0+6+0+0+9+1+8+1+4+0+8+0+1+5+3+2+3+1+3+3+7+7+2+7+8+4+2+8+7+0+4+9+2+3+7+8+4+2+0+5+0+3+8+8+4+1+3+5+4+6+2+6+0+1+2+4+7+8+7+2+2+2+2+7+7+6+9+8+2+4+6+3+2+2+1+3+1+6+8+3+2+8+0+6+9+6+1+4+3+6+1+7+2+8+3+1+8+2+7+8+8+7+5+0+8+5+2+6+8+9+7+0+2+0+6+3+9+6+8+7+9+6,546
94,5+1+4+9+4+1+3+0+9+8+3+7+1+9+5+9+5+4+1+4+7+8+8+3+0+3+2+0+3+3+3+5+9+6+2+6+3+5+0+1+6+2+1+4+5+1+1+3+8+2+6+9+5+0+2+3+6+8+4+4+9+2+5+6+9+2+3+2+8+6+1+2+3+3+2+2+9+8+5+6+8+9+5+9+1+5+2+7+0+0+6+7+4+4+3+9+9+8+6+6+8+7+3+9+8+8+8+7+9+0+1+6+1+1+1+4+3+6+4+8+3+8+6+7+0,576
95,8+5+8+0+1+0+9+9+2+1+8+4+5+3+8+8+3+4+1+0+7+8+0+4+9+6+6+7+0+2+8+3+6+9+3+4+7+3+9+3+9+8+2+6+3+9+8+6+4+9+4+3+2+6+4+8+2+4+0+3+2+3+0+6+5+8+3+4+2+6+0+9+7+0+7+6+6+9+8+3+0+1+7+1+8+3+7+7+3+6+8+5+9+4+7+0+7+2+0+5+0+1+0+1+7+7+4+4+6+7+7+7+4+5+1+7+2+7+6+2+7+1+6+1+9,584
96,8+2+1+6+7+5+3+7+6+1+0+5+4+7+8+5+0+0+2+0+2+9+0+0+9+8+7+3+0+4+0+4+7+3+6+1+9+2+9+0+8+7+3+5+5+4+3+8+4+2+9+0+7+5+7+8+3+2+1+1+3+6+9+4+1+7+8+1+5+3+9+9+2+2+2+7+8+3+5+0+4+4+3+1+3+7+0+7+8+8+1+6+7+4+0+1+0+1+5+9+5+6+8+6+4+0+3+6+5+9+2+0+9+9+9+4+5+5+6+5+6+1+1+6+5,550
97,5+6+2+5+0+7+2+4+0+8+3+9+3+9+3+3+4+7+3+3+1+1+0+5+4+8+9+1+6+6+9+7+3+7+9+3+3+3+6+6+4+9+7+7+1+8+5+7+6+6+6+2+2+5+4+1+1+2+4+7+7+3+2+6+0+8+4+4+0+5+3+5+8+5+9+2+2+2+1+0+7+2+4+1+5+7+8+3+0+2+6+3+5+0+6+8+1+6+8+8+8+1+9+2+3+7+8+3+0+1+1+1+0+5+1+5+5+2+7+7+8+0+4+7+7,545
98,2+1+8+1+3+1+0+8+6+4+9+6+4+3+9+8+7+7+1+4+8+6+1+7+3+9+7+1+9+2+4+4+8+6+5+9+8+5+1+2+5+1+7+7+3+3+2+4+1+5+3+5+6+3+0+6+7+4+8+0+9+1+3+9+7+6+0+4+9+3+7+5+7+9+0+4+9+8+2+2+9+5+9+7+9+6+9+7+5+4+6+3+5+6+7+1+6+9+3+9+7+3+2+6+5+7+9+7+4+7+0+0+7+7+6+0+3+7+8+0+3+2+0+2+2,610
99,3+8+8+6+5+6+3+1+6+8+7+5+0+3+1+9+0+9+4+0+9+7+2+8+9+9+5+8+6+0+6+7+3+2+3+9+7+4+5+5+6+5+7+7+8+0+3+5+4+9+7+8+8+3+0+8+1+6+6+5+0+7+9+6+3+2+1+3+2+8+4+0+3+0+3+7+5+7+7+7+5+0+3+6+6+2+3+9+6+0+6+7+0+8+5+4+6+2+2+4+0+4+4+5+8+1+0+9+0+5+8+8+2+2+5+1+0+1+9+6+7+7+7+3+9,591
